State,Park Name,Official Website
Washington,Alta Lake State Park,https://parks.wa.gov/find-parks/state-parks/alta-lake-state-park
Washington,Anderson Lake State Park,https://parks.wa.gov/find-parks/state-parks/anderson-lake-state-park
Washington,Battle Ground Lake State Park,https://parks.wa.gov/find-parks/state-parks/battle-ground-lake-state-park
Washington,Bay View State Park,https://parks.wa.gov/find-parks/state-parks/bay-view-state-park
Washington,Beacon Rock State Park,https://parks.wa.gov/find-parks/state-parks/beacon-rock-state-park
Washington,Beebe Bridge State Park,https://parks.wa.gov/find-parks/state-parks/beebe-bridge-state-park
Washington,Belfair State Park,https://parks.wa.gov/find-parks/state-parks/belfair-state-park
Washington,Birch Bay State Park,https://parks.wa.gov/find-parks/state-parks/birch-bay-state-park
Washington,Blake Island Marine State Park,https://parks.wa.gov/find-parks/state-parks/blake-island-marine-state-park
Washington,Blind Island Marine State Park,https://parks.wa.gov/find-parks/state-parks/blind-island-marine-state-park
Washington,Bogachiel State Park,https://parks.wa.gov/find-parks/state-parks/bogachiel-state-park
Washington,Bottle Beach State Park,https://parks.wa.gov/find-parks/state-parks/bottle-beach-state-park
Washington,Bridgeport State Park,https://parks.wa.gov/find-parks/state-parks/bridgeport-state-park
Washington,Bridle Trails State Park,https://parks.wa.gov/find-parks/state-parks/bridle-trails-state-park
Washington,Brooks Memorial State Park,https://parks.wa.gov/find-parks/state-parks/brooks-memorial-state-park
Washington,Cama Beach Historical State Park,https://parks.wa.gov/find-parks/state-parks/cama-beach-historical-state-park
Washington,Camano Island State Park,https://parks.wa.gov/find-parks/state-parks/camano-island-state-park
Washington,Cape Disappointment State Park,https://parks.wa.gov/find-parks/state-parks/cape-disappointment-state-park
Washington,Clark Island Marine State Park,https://parks.wa.gov/find-parks/state-parks/clark-island-marine-state-park
Washington,Columbia Hills Historical State Park,https://parks.wa.gov/find-parks/state-parks/columbia-hills-historical-state-park
Washington,Columbia Plateau State Park Trail,https://parks.wa.gov/find-parks/state-parks/columbia-plateau-state-park-trail
Washington,Conconully State Park,https://parks.wa.gov/find-parks/state-parks/conconully-state-park
Washington,Crawford State Park Heritage Site,https://parks.wa.gov/find-parks/state-parks/crawford-state-park-heritage-site
Washington,Curlew Lake State Park,https://parks.wa.gov/find-parks/state-parks/curlew-lake-state-park
Washington,Cutts Island Marine State Park,https://parks.wa.gov/find-parks/state-parks/cutts-island-marine-state-park
Washington,Daroga State Park,https://parks.wa.gov/find-parks/state-parks/daroga-state-park
Washington,Dash Point State Park,https://parks.wa.gov/find-parks/state-parks/dash-point-state-park
Washington,Deception Pass State Park,https://parks.wa.gov/find-parks/state-parks/deception-pass-state-park
Washington,Doe Island Marine State Park,https://parks.wa.gov/find-parks/state-parks/doe-island-marine-state-park
Washington,Dosewallips State Park,https://parks.wa.gov/find-parks/state-parks/dosewallips-state-park
Washington,Dougs Beach State Park,https://parks.wa.gov/find-parks/state-parks/dougs-beach-state-park
Washington,Eagle Island Marine State Park,https://parks.wa.gov/find-parks/state-parks/eagle-island-marine-state-park
Washington,Federation Forest State Park,https://parks.wa.gov/find-parks/state-parks/federation-forest-state-park
Washington,Fields Spring State Park,https://parks.wa.gov/find-parks/state-parks/fields-spring-state-park
Washington,Flaming Geyser State Park,https://parks.wa.gov/find-parks/state-parks/flaming-geyser-state-park
Washington,Fort Casey Historical State Park,https://parks.wa.gov/find-parks/state-parks/fort-casey-historical-state-park
Washington,Fort Columbia State Park,https://parks.wa.gov/find-parks/state-parks/fort-columbia-state-park
Washington,Fort Ebey State Park,https://parks.wa.gov/find-parks/state-parks/fort-ebey-state-park
Washington,Fort Flagler Historical State Park,https://parks.wa.gov/find-parks/state-parks/fort-flagler-historical-state-park
Washington,Fort Simcoe Historical State Park,https://parks.wa.gov/find-parks/state-parks/fort-simcoe-historical-state-park
Washington,Fort Townsend Historical State Park,https://parks.wa.gov/find-parks/state-parks/fort-townsend-historical-state-park
Washington,Fort Worden Historical State Park,https://parks.wa.gov/find-parks/state-parks/fort-worden-historical-state-park
Washington,Ginkgo Petrified Forest State Park,https://parks.wa.gov/find-parks/state-parks/ginkgo-petrified-forest-state-park
Washington,Goldendale Observatory State Park Heritage Site,https://parks.wa.gov/find-parks/state-parks/goldendale-observatory-state-park-heritage-site
Washington,Grayland Beach State Park,https://parks.wa.gov/find-parks/state-parks/grayland-beach-state-park
Washington,Griffiths Priday State Park,https://parks.wa.gov/find-parks/state-parks/griffiths-priday-state-park
Washington,Harstine Island State Park,https://parks.wa.gov/find-parks/state-parks/harstine-island-state-park
Washington,Hope Island Marine State Park Mason County,https://parks.wa.gov/find-parks/state-parks/hope-island-marine-state-park-mason-county
Washington,Hope Island Marine State Park Skagit County,https://parks.wa.gov/find-parks/state-parks/hope-island-marine-state-park-skagit-county
Washington,Ike Kinswa State Park,https://parks.wa.gov/find-parks/state-parks/ike-kinswa-state-park
Washington,Illahee State Park,https://parks.wa.gov/find-parks/state-parks/illahee-state-park
Washington,Jackson House State Park Heritage Site,https://parks.wa.gov/find-parks/state-parks/jackson-house-state-park-heritage-site
Washington,James Island Marine State Park,https://parks.wa.gov/find-parks/state-parks/james-island-marine-state-park
Washington,Jarrell Cove State Park,https://parks.wa.gov/find-parks/state-parks/jarrell-cove-state-park
Washington,Joemma Beach State Park,https://parks.wa.gov/find-parks/state-parks/joemma-beach-state-park
Washington,Jones Island Marine State Park,https://parks.wa.gov/find-parks/state-parks/jones-island-marine-state-park
Washington,Joseph Whidbey State Park,https://parks.wa.gov/find-parks/state-parks/joseph-whidbey-state-park
Washington,Kanaskat Palmer State Park,https://parks.wa.gov/find-parks/state-parks/kanaskat-palmer-state-park
Washington,Kinney Point State Park Property,https://parks.wa.gov/find-parks/state-parks/kinney-point-state-park-property
Washington,Kitsap Memorial State Park,https://parks.wa.gov/find-parks/state-parks/kitsap-memorial-state-park
Washington,Klickitat State Park Trail,https://parks.wa.gov/find-parks/state-parks/klickitat-state-park-trail
Washington,Kopachuck State Park,https://parks.wa.gov/find-parks/state-parks/kopachuck-state-park
Washington,Lake Chelan State Park,https://parks.wa.gov/find-parks/state-parks/lake-chelan-state-park
Washington,Lake Easton State Park,https://parks.wa.gov/find-parks/state-parks/lake-easton-state-park
Washington,Lake Sammamish State Park,https://parks.wa.gov/find-parks/state-parks/lake-sammamish-state-park
Washington,Lake Sylvia State Park,https://parks.wa.gov/find-parks/state-parks/lake-sylvia-state-park
Washington,Lake Wenatchee State Park,https://parks.wa.gov/find-parks/state-parks/lake-wenatchee-state-park
Washington,Larrabee State Park,https://parks.wa.gov/find-parks/state-parks/larrabee-state-park
Washington,Leadbetter Point State Park,https://parks.wa.gov/find-parks/state-parks/leadbetter-point-state-park
Washington,Lewis and Clark Trail State Park,https://parks.wa.gov/find-parks/state-parks/lewis-and-clark-trail-state-park
Washington,Lewis Clark State Park,https://parks.wa.gov/find-parks/state-parks/lewis-clark-state-park
Washington,Lime Kiln Point State Park,https://parks.wa.gov/find-parks/state-parks/lime-kiln-point-state-park
Washington,Lincoln Rock State Park,https://parks.wa.gov/find-parks/state-parks/lincoln-rock-state-park
Washington,Lyons Ferry State Park,https://parks.wa.gov/find-parks/state-parks/lyons-ferry-state-park
Washington,Manchester State Park,https://parks.wa.gov/find-parks/state-parks/manchester-state-park
Washington,Maryhill State Park,https://parks.wa.gov/find-parks/state-parks/maryhill-state-park
Washington,Matia Island Marine State Park,https://parks.wa.gov/find-parks/state-parks/matia-island-marine-state-park
Washington,McMicken Island Marine State Park,https://parks.wa.gov/find-parks/state-parks/mcmicken-island-marine-state-park
Washington,Miller Peninsula State Park Property,https://parks.wa.gov/find-parks/state-parks/miller-peninsula-state-park-property
Washington,Millersylvania State Park,https://parks.wa.gov/find-parks/state-parks/millersylvania-state-park
Washington,Moran State Park,https://parks.wa.gov/find-parks/state-parks/moran-state-park
Washington,Mount Pilchuck State Park,https://parks.wa.gov/find-parks/state-parks/mount-pilchuck-state-park
Washington,Mount Spokane State Park,https://parks.wa.gov/find-parks/state-parks/mount-spokane-state-park
Washington,Mystery Bay State Park,https://parks.wa.gov/find-parks/state-parks/mystery-bay-state-park
Washington,Nisqually State Park,https://parks.wa.gov/find-parks/state-parks/nisqually-state-park
Washington,Nolte State Park,https://parks.wa.gov/find-parks/state-parks/nolte-state-park
Washington,Obstruction Pass State Park,https://parks.wa.gov/find-parks/state-parks/obstruction-pass-state-park
Washington,Ocean City State Park,https://parks.wa.gov/find-parks/state-parks/ocean-city-state-park
Washington,Olallie State Park,https://parks.wa.gov/find-parks/state-parks/olallie-state-park
Washington,Olmstead Place Historical State Park,https://parks.wa.gov/find-parks/state-parks/olmstead-place-historical-state-park
Washington,Pacific Beach State Park,https://parks.wa.gov/find-parks/state-parks/pacific-beach-state-park
Washington,Pacific Pines State Park,https://parks.wa.gov/find-parks/state-parks/pacific-pines-state-park
Washington,Palouse Cascades State Park Trail Central,https://parks.wa.gov/find-parks/state-parks/palouse-cascades-state-park-trail-central
Washington,Palouse Cascades State Park Trail East,https://parks.wa.gov/find-parks/state-parks/palouse-cascades-state-park-trail-east
Washington,Palouse Cascades State Park Trail West,https://parks.wa.gov/find-parks/state-parks/palouse-cascades-state-park-trail-west
Washington,Palouse Falls State Park Heritage Site,https://parks.wa.gov/find-parks/state-parks/palouse-falls-state-park-heritage-site
Washington,Paradise Point State Park,https://parks.wa.gov/find-parks/state-parks/paradise-point-state-park
Washington,Patos Island Marine State Park,https://parks.wa.gov/find-parks/state-parks/patos-island-marine-state-park
Washington,Peace Arch Historical State Park,https://parks.wa.gov/find-parks/state-parks/peace-arch-historical-state-park
Washington,Pearrygin Lake State Park,https://parks.wa.gov/find-parks/state-parks/pearrygin-lake-state-park
Washington,Penrose Point State Park,https://parks.wa.gov/find-parks/state-parks/penrose-point-state-park
Washington,Peshastin Pinnacles State Park,https://parks.wa.gov/find-parks/state-parks/peshastin-pinnacles-state-park
Washington,Pleasant Harbor State Park Property,https://parks.wa.gov/find-parks/state-parks/pleasant-harbor-state-park-property
Washington,Posey Island State Park,https://parks.wa.gov/find-parks/state-parks/posey-island-state-park
Washington,Potholes State Park,https://parks.wa.gov/find-parks/state-parks/potholes-state-park
Washington,Potlatch State Park,https://parks.wa.gov/find-parks/state-parks/potlatch-state-park
Washington,Rainbow Falls State Park,https://parks.wa.gov/find-parks/state-parks/rainbow-falls-state-park
Washington,Rasar State Park,https://parks.wa.gov/find-parks/state-parks/rasar-state-park
Washington,Reed Island State Park,https://parks.wa.gov/find-parks/state-parks/reed-island-state-park
Washington,Riverside State Park,https://parks.wa.gov/find-parks/state-parks/riverside-state-park
Washington,Rockport State Park,https://parks.wa.gov/find-parks/state-parks/rockport-state-park
Washington,Sacajawea Historical State Park,https://parks.wa.gov/find-parks/state-parks/sacajawea-historical-state-park
Washington,Saddlebag Island Marine State Park,https://parks.wa.gov/find-parks/state-parks/saddlebag-island-marine-state-park
Washington,Saint Edward State Park,https://parks.wa.gov/find-parks/state-parks/saint-edward-state-park
Washington,Saltwater State Park,https://parks.wa.gov/find-parks/state-parks/saltwater-state-park
Washington,Scenic Beach State Park,https://parks.wa.gov/find-parks/state-parks/scenic-beach-state-park
Washington,Schafer State Park,https://parks.wa.gov/find-parks/state-parks/schafer-state-park
Washington,Seaquest State Park,https://parks.wa.gov/find-parks/state-parks/seaquest-state-park
Washington,Sequim Bay State Park,https://parks.wa.gov/find-parks/state-parks/sequim-bay-state-park
Washington,Shine Tidelands State Park,https://parks.wa.gov/find-parks/state-parks/shine-tidelands-state-park
Washington,Skagit Island Marine State Park,https://parks.wa.gov/find-parks/state-parks/skagit-island-marine-state-park
Washington,South Whidbey State Park,https://parks.wa.gov/find-parks/state-parks/south-whidbey-state-park
Washington,Spencer Spit State Park,https://parks.wa.gov/find-parks/state-parks/spencer-spit-state-park
Washington,Spokane River Centennial State Park Trail,https://parks.wa.gov/find-parks/state-parks/spokane-river-centennial-state-park-trail
Washington,Spring Creek Hatchery State Park,https://parks.wa.gov/find-parks/state-parks/spring-creek-hatchery-state-park
Washington,Squak Mountain State Park,https://parks.wa.gov/find-parks/state-parks/squak-mountain-state-park
Washington,Squilchuck State Park,https://parks.wa.gov/find-parks/state-parks/squilchuck-state-park
Washington,Steamboat Rock State Park,https://parks.wa.gov/find-parks/state-parks/steamboat-rock-state-park
Washington,Steptoe Battlefield State Park Heritage Site,https://parks.wa.gov/find-parks/state-parks/steptoe-battlefield-state-park-heritage-site
Washington,Steptoe Butte State Park Heritage Site,https://parks.wa.gov/find-parks/state-parks/steptoe-butte-state-park-heritage-site
Washington,Stuart Island Marine State Park,https://parks.wa.gov/find-parks/state-parks/stuart-island-marine-state-park
Washington,Sucia Island Marine State Park,https://parks.wa.gov/find-parks/state-parks/sucia-island-marine-state-park
Washington,Sun Lakes Dry Falls State Park,https://parks.wa.gov/find-parks/state-parks/sun-lakes-dry-falls-state-park
Washington,Tolmie State Park,https://parks.wa.gov/find-parks/state-parks/tolmie-state-park
Washington,Triton Cove State Park,https://parks.wa.gov/find-parks/state-parks/triton-cove-state-park
Washington,Turn Island Marine State Park,https://parks.wa.gov/find-parks/state-parks/turn-island-marine-state-park
Washington,Twanoh State Park,https://parks.wa.gov/find-parks/state-parks/twanoh-state-park
Washington,Twenty Five Mile Creek State Park,https://parks.wa.gov/find-parks/state-parks/twenty-five-mile-creek-state-park
Washington,Twin Harbors State Park,https://parks.wa.gov/find-parks/state-parks/twin-harbors-state-park
Washington,Wallace Falls State Park,https://parks.wa.gov/find-parks/state-parks/wallace-falls-state-park
Washington,Wanapum Recreation Area,https://parks.wa.gov/find-parks/state-parks/wanapum-recreation-area
Washington,Wenatchee Confluence State Park,https://parks.wa.gov/find-parks/state-parks/wenatchee-confluence-state-park
Washington,Westport Light State Park,https://parks.wa.gov/find-parks/state-parks/westport-light-state-park
Washington,Willapa Hills State Park Trail,https://parks.wa.gov/find-parks/state-parks/willapa-hills-state-park-trail
Washington,Willie Keils Grave State Park Heritage Site,https://parks.wa.gov/find-parks/state-parks/willie-keils-grave-state-park-heritage-site
Washington,Yakima Sportsman State Park,https://parks.wa.gov/find-parks/state-parks/yakima-sportsman-state-park
