State,Park Name,County,Source
Alabama,Blue Springs State Park,Barbour,Alabama state park list supplied by the repo owner (Sep 2026)
Alabama,Buck's Pocket State Park,"DeKalb, Jackson, Marshall",Alabama state park list supplied by the repo owner (Sep 2026)
Alabama,Cathedral Caverns State Park,Marshall,Alabama state park list supplied by the repo owner (Sep 2026)
Alabama,Cheaha State Park,"Clay, Cleburne",Alabama state park list supplied by the repo owner (Sep 2026)
Alabama,Chewacla State Park,Lee,Alabama state park list supplied by the repo owner (Sep 2026)
Alabama,DeSoto State Park,"Cherokee, DeKalb",Alabama state park list supplied by the repo owner (Sep 2026)
Alabama,Frank Jackson State Park,Covington,Alabama state park list supplied by the repo owner (Sep 2026)
Alabama,Gulf State Park,Baldwin,Alabama state park list supplied by the repo owner (Sep 2026)
Alabama,Joe Wheeler State Park,"Lauderdale, Lawrence",Alabama state park list supplied by the repo owner (Sep 2026)
Alabama,Lake Guntersville State Park,Marshall,Alabama state park list supplied by the repo owner (Sep 2026)
Alabama,Lake Lurleen State Park,Tuscaloosa,Alabama state park list supplied by the repo owner (Sep 2026)
Alabama,Lakepoint Resort State Park,Barbour,Alabama state park list supplied by the repo owner (Sep 2026)
Alabama,Meaher State Park,Baldwin,Alabama state park list supplied by the repo owner (Sep 2026)
Alabama,Monte Sano State Park,Madison,Alabama state park list supplied by the repo owner (Sep 2026)
Alabama,Oak Mountain State Park,Shelby,Alabama state park list supplied by the repo owner (Sep 2026)
Alabama,Rickwood Caverns State Park,Blount,Alabama state park list supplied by the repo owner (Sep 2026)
Alabama,Roland Cooper State Park,Wilcox,Alabama state park list supplied by the repo owner (Sep 2026)
Alabama,Wind Creek State Park,Tallapoosa,Alabama state park list supplied by the repo owner (Sep 2026)
Alabama,Bladon Springs State Park,Choctaw,Alabama state park list supplied by the repo owner (Sep 2026)
Alabama,Chickasaw State Park,Marengo,Alabama state park list supplied by the repo owner (Sep 2026)
Alabama,Paul M. Grist State Park,Dallas,Alabama state park list supplied by the repo owner (Sep 2026)
Alabama,Historic Blakeley State Park,Baldwin,Alabama state park list supplied by the repo owner (Sep 2026)
Alabama,Brierfield Ironworks Historical State Park,Bibb,Alabama state park list supplied by the repo owner (Sep 2026)
Alabama,Tannehill Ironworks Historical State Park,"Tuscaloosa, Jefferson",Alabama state park list supplied by the repo owner (Sep 2026)
Tennessee,Cherokee Trail of Tears State Park,Meigs,Corrected by the repo owner (Sep 2026)
Alaska,Fort Rousseau Causeway State Historical Park,Sitka,Corrected by the repo owner (Sep 2026)
New York,Niagara Falls State Park - Whirlpool Area,Niagara,Corrected by the repo owner (Sep 2026)
Tennessee,David Crockett Birthplace State Park,Greene,Corrected by the repo owner (Sep 2026)
Alaska,Big Bear/Baby Bear State Marine Park,Sitka,Corrected by the repo owner (Sep 2026)
Hawaii,Wahiawā Freshwater State Recreation Area,Honolulu,Corrected by the repo owner (Sep 2026)
New York,Lake Sebago Beach - Harriman State Park,"Rockland, Orange",Corrected by the repo owner (Sep 2026)
New York,Sebago Cabin Camp - Harriman State Park,"Rockland, Orange",Corrected by the repo owner (Sep 2026)
Maine,Penobscot River Corridor,"Piscataquis, Penobscot",Corrected by the repo owner (Sep 2026)
Florida,Palatka-to-Lake Butler State Trail,"Putnam, Clay, Bradford, Union",Corrected by the repo owner (Sep 2026)
Iowa,Blackburn State Park,Crawford,Corrected by the repo owner (Sep 2026)
Alaska,Dall Bay State Marine Park,Prince of Wales-Hyder,Corrected by the repo owner (Sep 2026)
Washington,Miller Peninsula State Park Property,Clallam,Corrected by the repo owner (Sep 2026)
New York,Lake Welch Beach - Harriman State Park,"Rockland, Orange",Corrected by the repo owner (Sep 2026)
Hawaii,Puʻu O Mahuka Heiau State Historic Site,Honolulu,Corrected by the repo owner (Sep 2026)
Wyoming,Historic Governors' Mansion,Laramie,Corrected by the repo owner (Sep 2026)
Colorado,Elkhead Reservoir State Park,"Routt, Moffat",Corrected by the repo owner (Sep 2026)
Wisconsin,Gandy Dancer State Trail Southern Segment,"Polk, Burnett",Corrected by the repo owner (Sep 2026)
Missouri,Nathan and Olive Boone Homestead State Historic Site,Greene,Corrected by the repo owner (Sep 2026)
