RIDB Facility ID,Check-in,Check-out
16353,2:00 PM,11:00 AM
119090,3:00 PM,2:00 PM
119140,3:00 PM,2:00 PM
119190,3:00 PM,2:00 PM
119240,3:00 PM,2:00 PM
123340,2:00 PM,2:00 PM
202063,3:00 PM,2:00 PM
231831,2:00 PM,12:00 PM
231832,2:00 PM,2:00 PM
231833,2:00 PM,2:00 PM
231834,2:00 PM,2:00 PM
231844,2:00 PM,1:00 PM
231846,2:00 PM,1:00 PM
231848,2:00 PM,2:00 PM
231849,2:00 PM,12:00 PM
231850,2:00 PM,12:00 PM
231851,2:00 PM,12:00 PM
231852,2:00 PM,12:00 PM
231853,2:00 PM,12:00 PM
231854,2:00 PM,12:00 PM
231855,2:00 PM,12:00 PM
231856,2:00 PM,12:00 PM
231857,2:00 PM,12:00 PM
231859,2:00 PM,12:00 PM
231860,2:00 PM,12:00 PM
231861,2:00 PM,12:00 PM
231862,2:00 PM,12:00 PM
231863,2:00 PM,11:00 AM
231864,2:00 PM,2:00 PM
231866,2:00 PM,12:00 PM
231867,2:00 PM,12:00 PM
231868,2:00 PM,12:00 PM
231869,2:00 PM,12:00 PM
231871,2:00 PM,12:00 PM
231874,2:00 PM,12:00 PM
231875,2:00 PM,12:00 PM
231876,2:00 PM,12:00 PM
231877,2:00 PM,12:00 PM
231880,2:00 PM,11:00 AM
231882,11:00 AM,11:00 AM
231883,11:00 AM,11:00 AM
231884,2:00 PM,1:00 PM
231886,2:00 PM,1:00 PM
231891,1:00 PM,11:00 AM
231894,2:00 PM,1:00 PM
231896,2:00 PM,11:00 AM
231897,2:00 PM,11:00 AM
231898,2:00 PM,11:00 AM
231899,2:00 PM,11:00 AM
231900,2:00 PM,11:00 AM
231901,2:00 PM,11:00 AM
231903,2:00 PM,11:00 AM
231904,2:00 PM,11:00 AM
231907,2:00 PM,11:00 AM
231908,2:00 PM,11:00 AM
231910,2:00 PM,2:00 PM
231911,12:00 PM,11:00 AM
231914,2:00 PM,11:00 AM
231915,2:00 PM,11:00 AM
231916,2:00 PM,11:00 AM
231917,2:00 PM,12:00 PM
231918,2:00 PM,12:00 PM
231919,2:00 PM,12:00 PM
231920,2:00 PM,12:00 PM
231921,2:00 PM,12:00 PM
231923,2:00 PM,1:00 PM
231924,2:00 PM,1:00 PM
231925,2:00 PM,12:00 PM
231926,2:00 PM,12:00 PM
231927,2:00 PM,12:00 PM
231928,2:00 PM,12:00 PM
231929,3:00 PM,12:00 PM
231930,3:00 PM,12:00 PM
231931,3:00 PM,12:00 PM
231932,3:00 PM,12:00 PM
231933,3:00 PM,12:00 PM
231935,3:00 PM,12:00 PM
231936,3:00 PM,12:00 PM
231938,3:00 PM,12:00 PM
231939,3:00 PM,12:00 PM
231940,3:00 PM,12:00 PM
231941,3:00 PM,12:00 PM
231943,3:00 PM,12:00 PM
231944,3:00 PM,12:00 PM
231945,3:00 PM,12:00 PM
231946,3:00 PM,12:00 PM
231954,2:00 PM,1:00 PM
231958,3:00 PM,12:00 PM
231959,3:00 PM,12:00 PM
231961,3:00 PM,12:00 PM
231969,2:00 PM,2:00 PM
231973,2:00 PM,2:00 PM
231975,2:00 PM,12:00 PM
231976,2:00 PM,12:00 PM
231978,3:00 PM,12:00 PM
231979,1:00 PM,11:00 AM
231980,1:00 PM,11:00 AM
231981,1:00 PM,11:00 AM
231985,2:00 PM,11:00 AM
231986,2:00 PM,11:00 AM
231987,2:00 PM,12:00 PM
231988,2:00 PM,12:00 PM
231989,2:00 PM,12:00 PM
231990,2:00 PM,12:00 PM
231993,2:00 PM,12:00 PM
231995,2:00 PM,12:00 PM
231997,2:00 PM,1:00 PM
231998,2:00 PM,1:00 PM
231999,2:00 PM,1:00 PM
232000,2:00 PM,1:00 PM
232001,2:00 PM,12:00 PM
232002,2:00 PM,12:00 PM
232005,2:00 PM,12:00 PM
232006,2:00 PM,12:00 PM
232007,2:00 PM,11:00 AM
232008,2:00 PM,2:01 PM
232009,2:00 PM,2:00 PM
232010,2:00 PM,1:00 PM
232012,2:00 PM,1:00 PM
232013,3:00 PM,12:00 PM
232014,2:00 PM,12:00 PM
232015,2:00 PM,12:00 PM
232016,2:00 PM,12:00 PM
232017,2:00 PM,12:00 PM
232018,2:00 PM,12:00 PM
232019,2:00 PM,1:00 PM
232022,2:00 PM,2:00 PM
232023,2:00 PM,12:00 PM
232024,3:00 PM,12:00 PM
232025,3:00 PM,12:00 PM
232026,2:00 PM,12:00 PM
232027,2:00 PM,12:00 PM
232029,3:00 PM,12:00 PM
232033,2:00 PM,12:00 PM
232034,2:00 PM,11:00 AM
232035,2:00 PM,12:00 PM
232037,2:00 PM,12:00 PM
232038,2:00 PM,12:00 PM
232039,2:00 PM,11:00 AM
232040,2:00 PM,12:00 PM
232044,2:00 PM,12:00 PM
232046,2:00 PM,1:00 PM
232047,2:00 PM,12:00 PM
232049,2:00 PM,1:00 PM
232050,2:00 PM,12:00 PM
232051,2:00 PM,12:00 PM
232052,2:00 PM,11:00 AM
232054,2:00 PM,12:00 PM
232055,3:00 PM,12:00 PM
232056,2:00 PM,12:00 PM
232058,2:00 PM,12:00 PM
232059,2:00 PM,12:00 PM
232061,2:00 PM,1:00 PM
232064,2:00 PM,12:00 PM
232066,2:00 PM,12:00 PM
232067,2:00 PM,12:00 PM
232069,2:00 PM,11:00 AM
232070,2:00 PM,1:00 PM
232071,3:00 PM,12:00 PM
232073,2:00 PM,12:00 PM
232074,2:00 PM,12:00 PM
232077,2:00 PM,11:00 AM
232079,2:00 PM,12:00 PM
232080,2:00 PM,11:00 AM
232081,2:00 PM,12:00 PM
232082,2:00 PM,12:00 PM
232083,2:00 PM,1:00 PM
232084,3:00 PM,12:00 PM
232085,2:00 PM,12:00 PM
232087,2:00 PM,1:00 PM
232089,3:00 PM,12:00 PM
232090,2:00 PM,12:00 PM
232091,2:00 PM,12:00 PM
232092,2:00 PM,12:00 PM
232093,2:00 PM,12:00 PM
232094,2:00 PM,12:00 PM
232095,2:00 PM,12:00 PM
232096,2:00 PM,12:00 PM
232098,2:00 PM,1:00 PM
232099,2:00 PM,12:00 PM
232101,2:00 PM,12:00 PM
232102,3:00 PM,12:00 PM
232103,3:00 PM,12:00 PM
232104,3:00 PM,12:00 PM
232105,3:00 PM,12:00 PM
232107,2:00 PM,1:00 PM
232108,3:00 PM,12:00 PM
232109,3:00 PM,12:00 PM
232110,2:00 PM,11:00 AM
232112,2:00 PM,12:00 PM
232113,2:00 PM,12:00 PM
232114,2:00 PM,12:00 PM
232115,3:00 PM,12:00 PM
232117,2:00 PM,12:00 PM
232118,2:00 PM,12:00 PM
232119,2:00 PM,12:00 PM
232120,2:00 PM,12:00 PM
232122,2:00 PM,11:00 AM
232123,2:00 PM,11:00 AM
232125,2:00 PM,1:00 PM
232127,2:00 PM,12:00 PM
232128,2:00 PM,1:00 PM
232129,2:00 PM,2:00 PM
232130,2:00 PM,2:00 PM
232131,2:00 PM,2:00 PM
232133,2:00 PM,1:00 PM
232134,2:00 PM,1:00 PM
232136,2:00 PM,12:00 PM
232137,2:00 PM,12:00 PM
232138,2:00 PM,12:00 PM
232139,2:00 PM,11:00 AM
232140,2:00 PM,12:00 PM
232141,4:00 PM,2:00 PM
232144,2:00 PM,11:00 AM
232145,2:00 PM,12:00 PM
232146,2:00 PM,12:00 PM
232147,2:00 PM,11:00 AM
232149,2:00 PM,1:00 PM
232150,2:00 PM,1:00 PM
232151,2:00 PM,1:00 PM
232152,2:00 PM,1:00 PM
232153,2:00 PM,1:00 PM
232154,2:00 PM,1:00 PM
232155,2:00 PM,1:00 PM
232156,2:00 PM,1:00 PM
232157,2:00 PM,1:00 PM
232158,2:00 PM,11:00 AM
232159,2:00 PM,11:00 AM
232160,2:00 PM,11:00 AM
232161,2:00 PM,1:00 PM
232162,2:00 PM,1:00 PM
232168,2:00 PM,12:00 PM
232169,2:00 PM,11:00 AM
232171,2:00 PM,12:00 PM
232172,2:00 PM,12:00 PM
232173,2:00 PM,12:00 PM
232174,2:00 PM,12:00 PM
232175,2:00 PM,12:00 PM
232176,2:00 PM,12:00 PM
232177,2:00 PM,12:00 PM
232178,2:00 PM,12:00 PM
232179,2:00 PM,12:00 PM
232181,2:00 PM,1:00 PM
232182,2:00 PM,1:00 PM
232183,2:00 PM,1:00 PM
232185,2:00 PM,1:00 PM
232186,2:00 PM,12:00 PM
232187,2:00 PM,1:00 PM
232188,2:00 PM,11:00 AM
232189,2:00 PM,11:00 AM
232190,2:00 PM,11:00 AM
232193,2:00 PM,11:00 AM
232194,2:00 PM,11:00 AM
232196,2:00 PM,1:00 PM
232197,2:00 PM,1:00 PM
232199,2:00 PM,12:00 PM
232200,2:00 PM,1:00 PM
232201,2:00 PM,12:00 PM
232202,2:00 PM,12:00 PM
232203,2:00 PM,11:00 AM
232204,2:00 PM,1:00 PM
232210,2:00 PM,12:00 PM
232212,2:00 PM,12:00 PM
232213,2:00 PM,12:00 PM
232214,2:00 PM,12:00 PM
232215,2:00 PM,1:00 PM
232217,2:00 PM,1:00 PM
232219,2:00 PM,12:00 PM
232220,2:00 PM,11:00 AM
232221,2:00 PM,11:00 AM
232222,2:00 PM,12:00 PM
232223,2:00 PM,12:00 PM
232225,3:00 PM,12:00 PM
232228,3:00 PM,12:00 PM
232229,3:00 PM,12:00 PM
232230,3:00 PM,12:00 PM
232231,3:00 PM,12:00 PM
232232,3:00 PM,12:00 PM
232233,3:00 PM,12:00 PM
232234,3:00 PM,2:00 PM
232235,3:00 PM,2:00 PM
232238,2:00 PM,11:00 AM
232241,2:00 PM,11:00 AM
232242,2:00 PM,11:00 AM
232244,2:00 PM,11:00 AM
232245,2:00 PM,2:00 PM
232246,1:00 PM,12:00 PM
232248,12:00 PM,12:00 PM
232249,2:00 PM,12:00 PM
232250,2:00 PM,12:00 PM
232251,2:00 PM,2:00 PM
232252,2:00 PM,12:00 PM
232253,2:00 PM,1:00 PM
232254,2:00 PM,11:00 AM
232255,2:00 PM,2:00 PM
232256,2:00 PM,2:00 PM
232258,2:00 PM,11:00 AM
232259,2:00 PM,11:00 AM
232260,2:00 PM,1:00 PM
232261,2:00 PM,12:00 PM
232262,2:00 PM,2:00 PM
232263,2:00 PM,12:00 PM
232265,2:00 PM,12:00 PM
232267,2:00 PM,12:00 PM
232268,2:00 PM,12:00 PM
232269,2:00 PM,12:00 PM
232270,2:00 PM,12:00 PM
232271,2:00 PM,12:00 PM
232272,1:00 PM,11:00 AM
232273,2:00 PM,11:00 AM
232274,2:00 PM,11:00 AM
232275,2:00 PM,1:00 PM
232276,2:00 PM,12:00 PM
232277,2:00 PM,12:00 PM
232278,2:00 PM,11:00 AM
232279,2:00 PM,11:00 AM
232280,2:00 PM,12:00 PM
232281,2:00 PM,12:00 PM
232282,2:00 PM,12:00 PM
232283,3:00 PM,12:00 PM
232284,2:00 PM,11:00 AM
232286,2:00 PM,12:00 PM
232287,2:00 PM,12:00 PM
232288,2:00 PM,12:00 PM
232294,2:00 PM,12:00 PM
232295,2:00 PM,12:00 PM
232296,2:00 PM,12:00 PM
232298,2:00 PM,12:00 PM
232301,2:00 PM,12:00 PM
232303,2:00 PM,1:30 PM
232305,2:00 PM,11:00 AM
232306,2:00 PM,12:00 PM
232310,2:00 PM,1:00 PM
232311,2:00 PM,1:00 PM
232312,2:00 PM,1:00 PM
232313,2:00 PM,1:00 PM
232315,2:00 PM,12:00 PM
232316,2:00 PM,2:00 PM
232317,2:00 PM,12:00 PM
232318,2:00 PM,12:00 PM
232319,2:00 PM,12:00 PM
232320,2:00 PM,11:00 AM
232321,2:00 PM,12:00 PM
232322,2:00 PM,2:00 PM
232324,2:00 PM,12:00 PM
232325,3:00 PM,2:00 PM
232327,2:00 PM,12:00 PM
232328,3:00 PM,12:00 PM
232329,2:00 PM,11:00 AM
232330,4:00 PM,2:00 PM
232331,2:00 PM,2:00 PM
232332,2:00 PM,12:00 PM
232333,2:00 PM,12:00 PM
232337,2:00 PM,12:00 PM
232338,2:00 PM,12:00 PM
232339,2:00 PM,12:00 PM
232340,2:00 PM,12:00 PM
232341,2:00 PM,12:00 PM
232343,2:00 PM,12:00 PM
232344,2:00 PM,12:00 PM
232346,2:00 PM,2:00 PM
232347,2:00 PM,2:00 PM
232350,2:00 PM,12:00 PM
232352,2:00 PM,12:00 PM
232353,2:00 PM,12:00 PM
232354,2:00 PM,12:00 PM
232355,2:00 PM,11:00 AM
232356,2:00 PM,12:00 PM
232357,2:00 PM,11:00 AM
232358,2:00 PM,12:00 PM
232360,1:00 PM,12:00 PM
232363,3:00 PM,2:00 PM
232364,2:00 PM,11:00 AM
232366,2:00 PM,1:00 PM
232367,2:00 PM,12:00 PM
232368,2:00 PM,12:00 PM
232369,2:00 PM,12:00 PM
232370,2:00 PM,11:00 AM
232371,2:00 PM,12:00 PM
232380,2:00 PM,12:00 PM
232381,2:00 PM,12:00 PM
232384,2:00 PM,12:00 PM
232385,2:00 PM,12:00 PM
232386,2:00 PM,12:00 PM
232387,2:00 PM,12:00 PM
232389,3:00 PM,1:00 PM
232390,3:00 PM,12:00 PM
232391,2:00 PM,11:00 AM
232392,3:00 PM,2:00 PM
232393,2:00 PM,12:00 PM
232395,2:00 PM,11:00 AM
232396,2:00 PM,11:00 AM
232399,2:00 PM,12:00 PM
232403,2:00 PM,12:00 PM
232404,1:00 PM,11:00 AM
232405,1:00 PM,11:00 AM
232406,1:00 PM,11:00 AM
232408,2:00 PM,1:00 PM
232409,2:00 PM,1:00 PM
232410,2:00 PM,1:00 PM
232411,2:00 PM,1:00 PM
232412,2:00 PM,1:00 PM
232413,2:00 PM,1:00 PM
232414,2:00 PM,1:00 PM
232416,3:00 PM,12:00 PM
232417,2:00 PM,1:00 PM
232419,3:00 PM,2:00 PM
232423,2:00 PM,12:00 PM
232425,2:00 PM,11:00 AM
232427,2:00 PM,11:00 AM
232428,2:00 PM,11:00 AM
232429,2:00 PM,1:00 PM
232430,4:00 PM,1:00 PM
232431,2:00 PM,1:00 PM
232432,12:00 PM,12:00 PM
232433,12:00 PM,12:00 PM
232445,12:00 PM,11:00 AM
232446,12:00 PM,12:00 PM
232447,12:00 PM,12:00 PM
232448,12:00 PM,12:00 PM
232449,12:00 PM,12:00 PM
232450,12:00 PM,12:00 PM
232451,12:00 PM,12:00 PM
232452,12:00 PM,12:00 PM
232453,12:00 PM,12:00 PM
232458,2:00 PM,12:00 PM
232459,12:01 PM,12:00 PM
232460,12:00 PM,12:00 PM
232461,12:00 PM,12:00 PM
232462,1:00 PM,12:00 PM
232463,1:00 PM,12:00 PM
232464,12:00 PM,11:00 AM
232465,12:00 PM,12:00 PM
232466,12:00 PM,12:00 PM
232467,1:00 PM,11:00 AM
232472,12:00 PM,12:00 PM
232473,12:00 PM,12:00 PM
232474,12:30 PM,12:00 PM
232479,1:00 PM,12:00 PM
232486,1:00 PM,12:00 PM
232487,1:00 PM,12:00 PM
232488,1:00 PM,12:00 PM
232489,12:00 PM,11:00 AM
232490,12:00 PM,11:00 AM
232492,12:30 PM,12:00 PM
232493,1:00 PM,12:00 PM
232496,1:00 PM,12:00 PM
232504,3:00 PM,12:00 PM
232505,12:00 PM,12:00 PM
232506,12:00 PM,12:00 PM
232507,12:00 PM,11:00 AM
232511,3:00 PM,2:00 PM
232512,3:00 PM,2:00 PM
232513,4:00 PM,3:00 PM
232515,3:00 PM,12:00 PM
232516,4:00 PM,3:00 PM
232517,4:00 PM,3:00 PM
232519,3:00 PM,1:00 PM
232520,4:00 PM,3:00 PM
232521,4:00 PM,3:00 PM
232522,6:00 PM,5:00 PM
232523,4:00 PM,3:00 PM
232524,6:00 PM,5:00 PM
232526,4:00 PM,3:00 PM
232528,4:00 PM,3:00 PM
232529,4:00 PM,11:00 AM
232530,4:00 PM,3:00 PM
232531,3:00 PM,1:00 PM
232534,3:00 PM,2:00 PM
232535,4:00 PM,3:00 PM
232536,3:00 PM,2:00 PM
232537,3:00 PM,12:00 PM
232539,3:00 PM,12:00 PM
232540,4:00 PM,3:00 PM
232541,3:00 PM,12:00 PM
232542,4:00 PM,3:00 PM
232543,3:00 PM,1:00 PM
232544,3:00 PM,2:00 PM
232545,3:00 PM,12:00 PM
232546,3:00 PM,2:00 PM
232547,3:00 PM,2:00 PM
232548,4:00 PM,3:00 PM
232549,5:00 PM,4:00 PM
232552,3:00 PM,2:00 PM
232553,3:00 PM,2:00 PM
232555,3:00 PM,2:00 PM
232557,3:00 PM,2:00 PM
232558,6:00 PM,5:00 PM
232559,4:00 PM,11:00 AM
232560,4:00 PM,3:00 PM
232562,4:00 PM,3:00 PM
232563,3:00 PM,12:00 PM
232564,3:00 PM,2:00 PM
232565,4:00 PM,3:00 PM
232566,4:30 PM,4:00 PM
232567,5:00 PM,4:00 PM
232568,4:00 PM,3:00 PM
232569,4:00 PM,3:00 PM
232570,3:00 PM,2:00 PM
232571,4:00 PM,3:00 PM
232572,3:00 PM,2:00 PM
232573,5:00 PM,4:00 PM
232574,4:00 PM,3:00 PM
232575,3:00 PM,12:00 PM
232578,3:00 PM,1:00 PM
232580,4:00 PM,3:00 PM
232581,4:00 PM,3:00 PM
232582,4:00 PM,3:00 PM
232583,3:00 PM,2:00 PM
232585,3:00 PM,12:00 PM
232587,3:00 PM,12:00 PM
232588,3:00 PM,2:00 PM
232589,3:30 PM,2:30 PM
232590,4:00 PM,3:00 PM
232591,4:00 PM,3:00 PM
232593,4:00 PM,3:00 PM
232594,3:00 PM,2:00 PM
232595,4:00 PM,11:00 AM
232596,3:00 PM,1:00 PM
232597,5:00 PM,4:00 PM
232598,4:00 PM,3:00 PM
232600,3:00 PM,2:00 PM
232601,4:00 PM,1:00 PM
232602,3:00 PM,2:00 PM
232603,4:00 PM,3:00 PM
232604,4:00 PM,3:00 PM
232605,5:00 PM,4:00 PM
232606,4:00 PM,3:00 PM
232607,3:00 PM,2:00 PM
232608,4:00 PM,1:00 PM
232609,3:00 PM,12:00 PM
232610,4:00 PM,3:00 PM
232611,5:00 PM,3:00 PM
232612,3:00 PM,2:00 PM
232613,5:00 PM,4:00 PM
232614,3:00 PM,2:00 PM
232615,3:00 PM,12:00 PM
232618,3:00 PM,2:00 PM
232619,4:00 PM,3:00 PM
232620,3:00 PM,2:00 PM
232621,4:00 PM,3:00 PM
232622,3:00 PM,2:00 PM
232623,3:00 PM,2:00 PM
232625,3:00 PM,3:00 PM
232626,3:00 PM,2:00 PM
232627,3:00 PM,2:00 PM
232628,3:00 PM,2:00 PM
232630,3:30 PM,2:30 PM
232634,4:00 PM,1:00 PM
232636,2:00 PM,1:30 PM
232637,3:00 PM,2:00 PM
232640,2:00 PM,2:00 PM
232641,3:00 PM,2:00 PM
232642,3:00 PM,2:00 PM
232643,4:00 PM,3:00 PM
232645,3:00 PM,1:00 PM
232646,3:00 PM,2:00 PM
232649,5:00 PM,4:00 PM
232651,3:00 PM,2:00 PM
232652,6:00 PM,5:00 PM
232654,3:00 PM,2:00 PM
232655,3:00 PM,2:00 PM
232656,4:00 PM,3:00 PM
232657,3:00 PM,1:00 PM
232659,5:00 PM,4:00 PM
232662,4:00 PM,3:00 PM
232663,3:00 PM,1:00 PM
232665,4:00 PM,11:00 AM
232667,2:00 PM,2:00 PM
232668,3:00 PM,1:00 PM
232669,4:00 PM,3:00 PM
232670,4:00 PM,3:00 PM
232671,6:00 PM,5:00 PM
232672,4:00 PM,3:00 PM
232673,4:00 PM,3:00 PM
232674,3:00 PM,2:00 PM
232676,3:00 PM,2:00 PM
232677,3:00 PM,12:00 PM
232679,4:00 PM,3:00 PM
232680,4:00 PM,1:00 PM
232681,3:00 PM,2:00 PM
232682,3:00 PM,1:00 PM
232683,4:00 PM,3:00 PM
232684,3:30 PM,2:30 PM
232685,3:00 PM,2:00 PM
232687,3:00 PM,1:00 PM
232688,3:00 PM,2:00 PM
232690,3:00 PM,1:00 PM
232691,4:00 PM,3:00 PM
232694,4:00 PM,3:00 PM
232695,3:00 PM,2:00 PM
232696,3:00 PM,2:00 PM
232697,3:00 PM,2:00 PM
232698,3:00 PM,2:00 PM
232699,2:00 PM,1:30 PM
232700,3:00 PM,1:00 PM
232701,4:00 PM,3:00 PM
232702,3:00 PM,12:00 PM
232703,5:00 PM,4:00 PM
232704,4:00 PM,3:00 PM
232707,4:00 PM,3:00 PM
232708,3:00 PM,2:00 PM
232709,3:00 PM,2:00 PM
232710,4:00 PM,3:00 PM
232711,3:00 PM,2:00 PM
232713,5:00 PM,4:00 PM
232714,3:00 PM,1:00 PM
232715,4:00 PM,11:00 AM
232717,3:00 PM,2:00 PM
232718,3:00 PM,2:00 PM
232720,4:00 PM,3:00 PM
232721,4:00 PM,3:00 PM
232722,4:00 PM,3:00 PM
232723,4:00 PM,3:00 PM
232725,3:00 PM,2:00 PM
232726,3:00 PM,2:00 PM
232727,3:00 PM,2:00 PM
232728,3:00 PM,2:00 PM
232730,4:00 PM,11:00 AM
232732,4:00 PM,3:00 PM
232733,3:00 PM,12:00 PM
232735,3:00 PM,2:00 PM
232736,3:00 PM,1:00 PM
232737,3:00 PM,2:00 PM
232740,3:00 PM,2:00 PM
232741,4:00 PM,11:00 AM
232742,4:00 PM,3:00 PM
232743,4:00 PM,3:00 PM
232744,2:00 PM,2:00 PM
232745,3:00 PM,2:00 PM
232746,3:00 PM,2:00 PM
232747,3:00 PM,2:00 PM
232748,3:00 PM,2:00 PM
232749,3:00 PM,1:00 PM
232750,3:00 PM,2:00 PM
232751,3:00 PM,12:00 PM
232752,3:00 PM,2:00 PM
232753,3:00 PM,2:00 PM
232755,2:00 PM,12:00 PM
232756,2:00 PM,12:00 PM
232757,2:00 PM,12:00 PM
232758,3:00 PM,2:00 PM
232759,2:00 PM,12:00 PM
232760,3:00 PM,2:00 PM
232761,3:00 PM,2:00 PM
232762,3:00 PM,12:00 PM
232766,2:00 PM,12:00 PM
232767,2:00 PM,12:00 PM
232768,2:00 PM,12:00 PM
232769,2:00 PM,12:00 PM
232770,2:00 PM,1:00 PM
232771,2:00 PM,1:00 PM
232772,2:00 PM,1:00 PM
232773,2:00 PM,1:00 PM
232774,2:00 PM,1:00 PM
232775,2:00 PM,1:00 PM
232782,2:00 PM,12:00 PM
232785,2:00 PM,12:00 PM
232787,2:00 PM,12:00 PM
232788,2:00 PM,12:00 PM
232789,2:00 PM,12:00 PM
232791,2:00 PM,12:00 PM
232792,2:00 PM,12:00 PM
232793,2:00 PM,12:00 PM
232796,2:00 PM,12:00 PM
232799,2:00 PM,12:00 PM
232800,2:00 PM,12:00 PM
232801,2:00 PM,12:00 PM
232802,2:00 PM,12:00 PM
232803,2:00 PM,12:00 PM
232805,2:00 PM,12:00 PM
232807,2:00 PM,12:00 PM
232810,2:00 PM,12:00 PM
232811,2:00 PM,12:00 PM
232813,2:00 PM,12:00 PM
232814,2:00 PM,12:00 PM
232815,2:00 PM,12:00 PM
232816,2:00 PM,12:00 PM
232818,2:00 PM,12:00 PM
232819,2:00 PM,12:00 PM
232820,2:00 PM,12:00 PM
232821,2:00 PM,12:00 PM
232825,2:00 PM,11:00 AM
232827,2:00 PM,12:00 PM
232829,2:00 PM,12:00 PM
232830,2:00 PM,12:00 PM
232831,2:00 PM,12:00 PM
232832,2:00 PM,12:00 PM
232835,2:00 PM,12:00 PM
232836,2:00 PM,12:00 PM
232837,2:00 PM,12:00 PM
232838,2:00 PM,12:00 PM
232840,2:00 PM,12:00 PM
232841,2:00 PM,12:00 PM
232842,2:00 PM,12:00 PM
232843,2:00 PM,12:00 PM
232844,2:00 PM,12:00 PM
232847,2:00 PM,12:00 PM
232848,2:00 PM,12:00 PM
232849,2:00 PM,12:00 PM
232851,2:00 PM,12:00 PM
232852,2:00 PM,12:00 PM
232853,2:00 PM,12:00 PM
232854,2:00 PM,12:00 PM
232855,2:00 PM,12:00 PM
232856,4:00 PM,12:00 PM
232857,2:00 PM,12:00 PM
232858,2:00 PM,12:00 PM
232860,2:00 PM,12:00 PM
232861,2:00 PM,12:00 PM
232862,2:00 PM,12:00 PM
232864,2:00 PM,12:00 AM
232866,4:00 PM,12:00 PM
232867,4:00 PM,12:00 PM
232868,4:00 PM,12:00 PM
232869,2:00 PM,12:00 PM
232870,2:00 PM,12:00 PM
232871,2:00 PM,12:00 PM
232872,2:00 PM,12:00 PM
232873,2:00 PM,12:00 PM
232874,2:00 PM,12:00 PM
232877,2:00 PM,12:00 PM
232878,2:00 PM,12:00 PM
232881,2:00 PM,12:00 PM
232882,2:00 PM,12:00 PM
232883,2:00 PM,12:00 PM
232884,2:00 PM,12:00 PM
232887,2:00 PM,12:00 PM
232888,2:00 PM,12:00 PM
232889,2:00 PM,12:00 PM
232890,2:00 PM,12:00 PM
232891,2:00 PM,12:00 PM
232892,2:00 PM,12:00 PM
232893,2:00 PM,12:00 PM
232894,2:00 PM,1:00 PM
232895,2:00 PM,12:00 PM
232899,2:00 PM,1:00 PM
232901,1:00 PM,12:00 PM
232903,2:00 PM,1:00 PM
232904,2:00 PM,1:00 PM
232906,2:00 PM,12:00 PM
232907,2:00 PM,12:00 PM
232908,2:00 PM,12:00 PM
232911,2:00 PM,12:00 PM
232912,2:00 PM,12:00 PM
232913,2:00 PM,12:00 PM
232914,2:00 PM,12:00 PM
232915,2:00 PM,12:00 PM
232917,3:00 PM,2:00 PM
233098,4:00 PM,3:00 PM
233099,4:00 PM,1:00 PM
233100,4:00 PM,1:00 PM
233102,2:00 PM,12:00 PM
233103,2:00 PM,12:00 PM
233110,2:00 PM,1:00 PM
233111,2:00 PM,1:00 PM
233112,2:00 PM,1:00 PM
233115,2:00 PM,12:00 PM
233119,1:00 PM,12:00 PM
233127,3:00 PM,2:00 PM
233134,2:00 PM,1:00 PM
233136,2:00 PM,12:00 PM
233137,2:00 PM,12:00 PM
233141,2:00 PM,1:00 PM
233142,2:30 PM,2:00 PM
233144,2:00 PM,1:00 PM
233145,2:00 PM,1:00 PM
233146,12:00 PM,12:00 PM
233147,12:00 PM,12:00 PM
233148,2:00 PM,12:00 PM
233149,2:00 PM,12:00 PM
233150,2:00 PM,12:00 PM
233154,1:00 PM,11:00 AM
233165,3:00 PM,11:00 AM
233170,3:00 PM,2:00 PM
233172,2:00 PM,12:00 PM
233173,2:00 PM,12:00 PM
233174,2:00 PM,12:00 PM
233180,2:00 PM,12:00 PM
233182,2:00 PM,12:00 PM
233185,2:00 PM,12:00 PM
233186,1:00 PM,11:00 AM
233187,1:00 PM,12:00 PM
233189,2:00 PM,1:00 PM
233193,2:00 PM,12:00 PM
233195,2:00 PM,12:00 PM
233197,2:00 PM,12:00 PM
233198,2:00 PM,12:00 PM
233204,3:00 PM,1:00 PM
233206,2:00 PM,12:00 PM
233210,2:00 PM,12:00 PM
233215,2:00 PM,12:00 PM
233217,2:00 PM,12:00 PM
233218,,2:00 PM
233225,2:00 PM,12:00 PM
233228,3:00 PM,12:00 PM
233235,2:00 PM,12:00 PM
233236,2:00 PM,12:00 PM
233238,2:00 PM,1:00 PM
233246,2:00 PM,12:00 PM
233250,2:00 PM,12:00 PM
233251,2:00 PM,12:00 PM
233253,2:00 PM,12:00 PM
233254,2:00 PM,12:00 PM
233255,2:00 PM,12:00 PM
233258,2:00 PM,12:00 PM
233265,2:00 PM,12:00 PM
233267,2:00 PM,12:00 PM
233268,2:00 PM,12:00 PM
233269,2:00 PM,12:00 PM
233270,2:00 PM,12:00 PM
233277,4:00 PM,1:00 PM
233278,4:00 PM,1:00 PM
233279,4:00 PM,1:00 PM
233280,4:00 PM,1:00 PM
233281,2:00 PM,12:00 PM
233283,2:00 PM,12:00 PM
233284,1:00 PM,12:00 PM
233286,1:00 PM,1:00 PM
233293,2:00 PM,12:00 PM
233297,2:00 PM,12:00 PM
233300,2:00 PM,12:00 PM
233301,2:00 PM,12:00 PM
233303,2:00 PM,12:00 PM
233308,2:00 PM,12:00 PM
233309,12:00 PM,10:00 AM
233312,1:00 PM,11:00 AM
233313,12:00 PM,11:00 AM
233314,2:00 PM,12:00 PM
233319,2:00 PM,12:00 PM
233323,2:00 PM,2:00 PM
233324,3:00 PM,12:00 PM
233339,2:00 PM,11:00 AM
233340,2:00 PM,1:00 PM
233341,2:00 PM,11:00 AM
233342,2:00 PM,11:00 AM
233343,4:00 PM,2:00 PM
233345,3:00 PM,2:00 PM
233346,3:00 PM,2:00 PM
233347,3:00 PM,2:00 PM
233349,12:00 PM,11:00 AM
233350,2:00 PM,12:00 PM
233352,12:00 PM,11:00 AM
233360,2:00 PM,2:00 PM
233361,3:00 PM,12:00 PM
233363,2:00 PM,12:00 PM
233364,2:00 PM,11:00 AM
233369,3:00 PM,12:00 PM
233371,2:00 PM,12:00 PM
233375,12:00 PM,11:00 AM
233379,12:00 PM,11:30 AM
233384,2:00 PM,12:00 PM
233385,12:00 PM,11:00 AM
233387,2:00 PM,1:00 PM
233390,1:00 PM,11:00 AM
233391,2:00 PM,12:00 PM
233392,1:00 PM,11:00 AM
233395,1:00 PM,11:30 AM
233397,1:00 PM,11:00 AM
233400,,
233403,3:00 PM,12:00 PM
233404,2:00 PM,12:00 PM
233408,5:00 PM,3:00 PM
233409,5:00 PM,3:00 PM
233410,5:00 PM,3:00 PM
233411,5:00 PM,3:00 PM
233412,2:00 PM,12:00 PM
233413,3:00 PM,2:00 PM
233414,3:00 PM,2:00 PM
233415,3:00 PM,1:00 PM
233417,3:00 PM,1:00 PM
233418,4:00 PM,4:00 PM
233419,1:00 PM,1:00 PM
233420,5:00 PM,4:30 PM
233421,3:00 PM,12:00 PM
233422,6:00 PM,5:00 PM
233423,6:00 PM,4:00 PM
233424,6:00 PM,4:00 PM
233425,6:00 PM,6:00 PM
233426,6:00 PM,4:00 PM
233427,2:00 PM,12:00 PM
233429,5:00 PM,3:00 PM
233430,6:00 PM,4:00 PM
233432,2:00 PM,12:00 PM
233433,5:00 PM,4:00 PM
233434,6:00 PM,4:00 PM
233435,4:00 PM,4:00 PM
233436,6:00 PM,4:00 PM
233437,1:00 PM,11:00 AM
233438,4:00 PM,4:00 PM
233439,2:00 PM,1:00 PM
233441,6:00 PM,6:00 PM
233442,4:00 PM,2:00 PM
233443,6:00 PM,5:00 PM
233444,6:00 PM,4:00 PM
233445,6:00 PM,4:00 PM
233446,3:00 PM,1:00 PM
233447,6:00 PM,4:00 PM
233448,6:00 PM,4:00 PM
233449,4:00 PM,3:00 PM
233450,6:00 PM,4:00 PM
233451,3:00 PM,1:00 PM
233453,4:00 PM,4:00 PM
233454,2:00 PM,12:00 PM
233455,2:00 PM,12:00 PM
233456,4:00 PM,2:00 PM
233457,6:00 PM,3:00 PM
233458,6:00 PM,6:00 PM
233459,2:00 PM,12:00 PM
233460,4:00 PM,2:00 PM
233461,3:00 PM,2:00 PM
233462,4:00 PM,4:00 PM
233463,5:00 PM,4:00 PM
233464,6:00 PM,3:00 PM
233465,5:00 PM,4:00 PM
233466,6:00 PM,4:00 PM
233467,4:00 PM,2:00 PM
233468,6:00 PM,4:00 PM
233469,6:00 PM,4:00 PM
233471,4:00 PM,4:00 PM
233472,1:00 PM,12:00 PM
233473,6:00 PM,4:00 PM
233474,6:00 PM,6:00 PM
233476,2:00 PM,12:00 PM
233479,6:00 PM,4:00 PM
233483,5:00 PM,4:00 PM
233485,6:00 PM,6:00 PM
233486,6:00 PM,4:00 PM
233487,3:00 PM,12:00 PM
233488,5:00 PM,4:30 PM
233489,2:00 PM,12:00 PM
233490,4:00 PM,3:00 PM
233492,4:00 PM,2:00 PM
233493,6:00 PM,5:00 PM
233494,3:00 PM,1:00 PM
233495,6:00 PM,3:00 PM
233496,5:00 PM,4:00 PM
233498,2:00 PM,12:00 PM
233499,2:00 PM,12:00 PM
233500,5:00 PM,3:00 PM
233501,5:00 PM,4:00 PM
233502,6:00 PM,4:00 PM
233503,2:00 PM,12:00 PM
233504,5:00 PM,4:00 PM
233505,4:00 PM,4:00 PM
233506,6:00 PM,4:00 PM
233507,4:00 PM,2:00 PM
233508,3:00 PM,1:00 PM
233509,3:00 PM,12:00 PM
233510,1:00 PM,12:00 PM
233511,6:00 PM,4:00 PM
233512,6:00 PM,4:00 PM
233513,5:00 PM,4:30 PM
233514,2:00 PM,12:00 PM
233515,3:00 PM,2:00 PM
233516,3:00 PM,2:00 PM
233517,6:00 PM,6:00 PM
233518,5:00 PM,4:00 PM
233520,3:00 PM,1:00 PM
233521,2:00 PM,12:00 PM
233522,4:00 PM,4:00 PM
233523,4:00 PM,3:00 PM
233525,6:00 PM,4:00 PM
233526,6:00 PM,4:00 PM
233527,6:00 PM,4:00 PM
233529,6:00 PM,4:00 PM
233530,6:00 PM,6:00 PM
233531,6:00 PM,4:00 PM
233532,1:00 PM,11:00 AM
233533,1:00 PM,12:00 PM
233534,6:00 PM,4:00 PM
233535,1:00 PM,12:00 PM
233536,3:00 PM,2:00 PM
233538,6:00 PM,6:00 PM
233539,5:00 PM,4:00 PM
233540,6:00 PM,4:00 PM
233541,5:00 PM,4:00 PM
233542,6:00 PM,6:00 PM
233543,6:00 PM,4:00 PM
233545,4:00 PM,2:00 PM
233546,6:00 PM,4:00 PM
233547,6:00 PM,6:00 PM
233550,1:00 PM,1:00 PM
233551,6:00 PM,6:00 PM
233552,6:00 PM,4:00 PM
233553,3:00 PM,1:00 PM
233554,6:00 PM,6:00 PM
233555,3:00 PM,3:00 PM
233556,5:00 PM,4:30 PM
233559,5:00 PM,4:00 PM
233561,4:00 PM,2:00 PM
233562,6:00 PM,6:00 PM
233563,4:00 PM,2:00 PM
233564,4:00 PM,2:00 PM
233565,3:00 PM,2:00 PM
233566,5:00 PM,4:00 PM
233567,5:00 PM,4:00 PM
233568,2:00 PM,1:00 PM
233569,4:00 PM,4:00 PM
233570,12:00 PM,11:00 AM
233571,6:00 PM,6:00 PM
233572,6:00 PM,4:00 PM
233573,2:00 PM,12:00 PM
233574,6:00 PM,4:00 PM
233575,6:00 PM,6:00 PM
233578,6:00 PM,4:00 PM
233579,6:00 PM,4:00 PM
233581,6:00 PM,3:00 PM
233583,5:00 PM,4:30 PM
233584,6:00 PM,4:00 PM
233585,3:00 PM,2:00 PM
233586,6:00 PM,4:00 PM
233587,3:00 PM,2:00 PM
233588,1:00 PM,12:00 PM
233589,6:00 PM,4:00 PM
233590,6:00 PM,4:00 PM
233591,6:00 PM,4:00 PM
233593,4:00 PM,4:00 PM
233594,2:00 PM,12:00 PM
233595,6:00 PM,4:00 PM
233596,3:00 PM,12:00 PM
233597,5:00 PM,4:00 PM
233598,1:00 PM,12:00 PM
233599,4:00 PM,3:00 PM
233600,3:00 PM,12:00 PM
233601,6:00 PM,6:00 PM
233602,4:00 PM,3:00 PM
233603,4:00 PM,3:00 PM
233604,2:00 PM,12:00 PM
233605,5:00 PM,4:00 PM
233606,5:00 PM,3:00 PM
233608,6:00 PM,6:00 PM
233609,4:00 PM,4:00 PM
233610,4:00 PM,2:00 PM
233611,5:00 PM,4:00 PM
233613,5:00 PM,4:00 PM
233616,3:00 PM,2:00 PM
233617,6:00 PM,4:00 PM
233618,2:00 PM,12:00 PM
233619,6:00 PM,4:00 PM
233620,1:00 PM,12:00 PM
233621,4:00 PM,3:00 PM
233622,6:00 PM,4:00 PM
233623,3:00 PM,2:00 PM
233624,2:00 PM,12:00 PM
233626,5:00 PM,4:00 PM
233627,4:00 PM,2:00 PM
233628,3:00 PM,1:00 PM
233630,3:00 PM,1:00 PM
233631,5:00 PM,4:00 PM
233632,7:00 PM,3:00 PM
233633,5:00 PM,4:30 PM
233634,4:00 PM,2:00 PM
233635,6:00 PM,6:00 PM
233636,6:00 PM,4:00 PM
233637,3:00 PM,12:00 PM
233638,12:00 PM,11:00 AM
233639,6:00 PM,5:00 PM
233641,6:00 PM,3:00 PM
233642,2:00 PM,12:00 PM
233643,6:00 PM,4:00 PM
233644,5:00 PM,4:00 PM
233645,3:00 PM,1:00 PM
233647,5:00 PM,3:00 PM
233648,1:00 PM,12:00 PM
233649,3:00 PM,2:00 PM
233650,5:00 PM,4:30 PM
233651,2:00 PM,12:00 PM
233652,4:00 PM,3:00 PM
233653,6:00 PM,4:00 PM
233655,3:00 PM,1:00 PM
233656,6:00 PM,4:00 PM
233657,4:00 PM,4:00 PM
233658,3:00 PM,1:00 PM
233659,6:00 PM,6:00 PM
233660,6:00 PM,4:00 PM
233661,12:00 PM,11:00 AM
233662,4:00 PM,2:00 PM
233663,3:00 PM,2:00 PM
233665,3:00 PM,12:00 PM
233666,6:00 PM,4:00 PM
233667,3:00 PM,1:00 PM
233668,6:00 PM,4:00 PM
233669,4:00 PM,2:00 PM
233670,5:00 PM,4:30 PM
233671,2:00 PM,12:00 PM
233672,6:00 PM,6:00 PM
233676,3:00 PM,11:00 AM
233677,6:00 PM,4:00 PM
233678,6:00 PM,5:00 PM
233679,4:30 PM,4:00 PM
233680,6:00 PM,6:00 PM
233683,3:00 PM,2:00 PM
233684,4:00 PM,2:00 PM
233685,2:00 PM,12:00 PM
233687,3:00 PM,2:00 PM
233688,5:00 PM,4:00 PM
233689,5:00 PM,4:00 PM
233690,5:00 PM,4:00 PM
233692,2:30 PM,2:00 PM
233693,2:00 PM,12:00 PM
233694,2:00 PM,1:00 PM
233695,4:00 PM,4:00 PM
233696,3:00 PM,3:00 PM
233697,3:00 PM,2:00 PM
233698,5:00 PM,4:30 PM
233699,4:00 PM,4:00 PM
233700,6:00 PM,5:00 PM
233702,6:00 PM,4:00 PM
233703,6:00 PM,4:00 PM
233705,2:00 PM,1:00 PM
233707,2:00 PM,1:00 PM
233709,2:00 PM,12:00 PM
233710,2:00 PM,12:00 PM
233711,2:00 PM,12:00 PM
233712,2:00 PM,12:00 PM
233713,2:00 PM,12:00 PM
233714,2:00 PM,11:00 AM
233715,2:00 PM,1:00 PM
233716,3:00 PM,2:00 PM
233717,2:00 PM,1:00 PM
233718,2:00 PM,12:00 PM
233719,2:00 PM,2:00 PM
233720,2:00 PM,12:00 PM
233721,2:00 PM,12:00 PM
233722,2:00 PM,12:00 PM
233723,2:00 PM,12:00 PM
233724,2:00 PM,12:00 PM
233728,2:00 PM,12:00 PM
233730,3:00 PM,12:00 PM
233733,2:00 PM,11:00 AM
233734,2:00 PM,11:00 AM
233735,2:00 PM,11:00 AM
233756,2:00 PM,2:00 PM
233757,2:00 PM,2:00 PM
233758,2:00 PM,2:00 PM
233759,2:00 PM,2:00 PM
233760,2:00 PM,2:00 PM
233761,2:00 PM,2:00 PM
233762,2:00 PM,2:00 PM
233763,2:00 PM,2:00 PM
233764,2:00 PM,2:00 PM
233766,2:00 PM,2:00 PM
233767,2:00 PM,2:00 PM
233771,2:00 PM,1:00 PM
233772,2:00 PM,11:00 AM
233773,2:00 PM,2:00 PM
233774,2:00 PM,12:00 PM
233777,2:00 PM,12:00 PM
233778,2:00 PM,2:00 PM
233779,3:00 PM,2:00 PM
233781,2:00 PM,2:00 PM
233782,2:00 PM,11:00 AM
233786,5:00 PM,4:00 PM
233787,2:00 PM,12:00 PM
233789,3:00 PM,12:00 PM
233790,3:00 PM,2:00 PM
233791,3:00 PM,12:00 PM
233792,2:00 PM,2:00 PM
233793,2:00 PM,2:00 PM
233794,2:00 PM,2:00 PM
233795,2:00 PM,2:00 PM
233807,2:00 PM,11:00 AM
233809,4:30 PM,4:00 PM
233810,2:00 PM,12:00 PM
233811,2:00 PM,12:00 PM
233813,1:00 PM,1:00 PM
233814,2:00 PM,2:00 PM
233815,2:00 PM,1:00 PM
233819,2:00 PM,11:00 AM
233821,2:00 PM,11:00 AM
233822,2:00 PM,11:00 AM
233823,2:00 PM,11:00 AM
233824,2:00 PM,11:00 AM
233826,2:00 PM,12:00 PM
233828,3:00 PM,2:00 PM
233830,2:00 PM,12:00 PM
233831,4:00 PM,3:00 PM
233832,4:00 PM,3:00 PM
233834,2:00 PM,12:00 PM
233835,2:00 PM,2:00 PM
233837,2:00 PM,12:00 PM
233840,3:00 PM,12:00 PM
233841,3:00 PM,12:00 PM
233843,3:00 PM,12:00 PM
233844,2:00 PM,12:00 PM
233845,2:00 PM,12:00 PM
233846,3:00 PM,11:00 AM
233847,3:00 PM,12:00 PM
233848,2:00 PM,1:00 PM
233849,2:00 PM,1:00 PM
233850,2:00 PM,1:00 PM
233852,1:00 PM,12:00 PM
233853,2:00 PM,12:00 PM
233854,1:00 PM,12:00 PM
233855,2:00 PM,12:00 PM
233856,2:00 PM,12:00 PM
233857,2:00 PM,12:00 PM
233858,2:00 PM,12:00 PM
233859,2:00 PM,12:00 PM
233860,2:00 PM,12:00 PM
233861,2:00 PM,12:00 PM
233862,2:00 PM,12:00 PM
233863,2:00 PM,12:00 PM
233864,2:00 PM,12:00 PM
233865,2:00 PM,12:00 PM
233866,2:00 PM,12:00 PM
233867,3:00 PM,12:00 PM
233869,3:00 PM,12:00 PM
233870,3:00 PM,12:00 PM
233871,2:00 PM,2:00 PM
233873,2:00 PM,2:00 PM
233874,2:00 PM,1:00 PM
233876,2:00 PM,2:00 PM
233877,2:00 PM,12:00 PM
233878,2:00 PM,2:00 PM
233882,2:00 PM,12:00 PM
233884,2:00 PM,1:00 PM
233885,2:00 PM,11:00 AM
233886,2:00 PM,1:00 PM
233891,2:00 PM,12:00 PM
233892,2:00 PM,1:00 PM
233895,2:00 PM,12:00 PM
233896,6:00 PM,6:00 PM
233898,2:00 PM,11:00 AM
233899,2:00 PM,12:00 PM
233900,2:00 PM,11:00 AM
233901,2:00 PM,12:00 PM
233902,2:00 PM,1:00 PM
233908,2:00 PM,12:00 PM
233909,2:00 PM,12:00 PM
233910,4:00 PM,2:00 PM
233911,4:00 PM,2:00 PM
233915,3:00 PM,12:00 PM
233918,2:00 PM,2:00 PM
233920,2:00 PM,11:00 AM
233925,2:00 PM,2:00 PM
233926,2:00 PM,2:00 PM
233931,2:00 PM,11:00 AM
233934,2:00 PM,12:00 PM
233936,2:00 PM,1:00 PM
233946,4:00 PM,3:00 PM
233949,2:00 PM,12:00 PM
233950,2:00 PM,12:00 PM
233954,2:00 PM,12:00 PM
233955,2:00 PM,1:00 PM
233956,2:00 PM,1:00 PM
233957,2:00 PM,1:00 PM
233963,2:00 PM,11:00 AM
233964,2:00 PM,11:00 AM
233965,2:00 PM,11:00 AM
233967,2:00 PM,12:00 PM
233968,2:00 PM,12:00 PM
233969,2:00 PM,12:00 PM
233970,2:00 PM,12:00 PM
233974,12:00 PM,11:00 AM
233976,2:00 PM,12:00 PM
233977,2:00 PM,12:00 PM
233978,2:00 PM,1:00 PM
233980,2:00 PM,12:00 PM
233981,2:00 PM,1:00 PM
233983,2:00 PM,12:00 PM
233992,2:00 PM,1:00 PM
233994,2:00 PM,1:00 PM
234001,3:00 PM,12:00 PM
234004,2:00 PM,12:00 PM
234005,2:00 PM,12:00 PM
234007,12:00 PM,11:00 AM
234015,1:00 PM,11:00 AM
234016,2:00 PM,12:00 PM
234017,2:00 PM,12:00 PM
234018,2:00 PM,12:00 PM
234019,2:00 PM,12:00 PM
234020,2:00 PM,12:00 PM
234021,2:00 PM,12:00 PM
234022,2:00 PM,12:00 PM
234023,2:00 PM,12:00 PM
234024,2:00 PM,12:00 PM
234025,2:00 PM,12:00 PM
234026,2:00 PM,12:00 PM
234027,2:00 PM,12:00 PM
234029,2:00 PM,11:00 AM
234031,2:00 PM,11:00 AM
234032,2:00 PM,11:00 AM
234033,2:00 PM,11:00 AM
234035,1:00 PM,12:00 PM
234036,3:00 PM,12:00 PM
234037,3:00 PM,12:00 PM
234038,1:00 PM,12:00 PM
234039,1:00 PM,12:00 PM
234040,1:00 PM,12:00 PM
234041,1:00 PM,12:00 PM
234043,1:00 PM,12:00 PM
234044,1:00 PM,12:00 PM
234045,1:00 PM,12:00 PM
234046,1:00 PM,12:00 PM
234047,2:30 PM,12:00 PM
234048,2:30 PM,12:00 PM
234052,1:00 PM,11:00 AM
234053,1:00 PM,1:00 PM
234054,1:00 PM,1:00 PM
234055,1:00 PM,1:00 PM
234058,12:00 PM,11:30 AM
234059,12:00 PM,10:00 AM
234061,1:00 PM,12:00 PM
234062,1:00 PM,12:00 PM
234064,1:00 PM,12:00 PM
234072,3:00 PM,2:00 PM
234073,3:00 PM,2:00 PM
234076,12:00 PM,11:00 AM
234078,1:00 PM,12:00 PM
234079,12:00 PM,11:30 AM
234080,2:00 PM,12:00 PM
234081,2:00 PM,12:00 PM
234083,2:00 PM,12:00 PM
234085,2:00 PM,12:00 PM
234086,2:00 PM,12:00 PM
234093,2:00 PM,2:00 PM
234094,3:00 PM,2:00 PM
234095,2:00 PM,2:00 PM
234096,2:00 PM,1:00 PM
234097,2:00 PM,1:00 PM
234098,2:00 PM,1:00 PM
234100,2:00 PM,1:00 PM
234102,2:00 PM,12:00 PM
234104,2:00 PM,12:00 PM
234105,2:00 PM,12:00 PM
234106,3:00 PM,12:00 PM
234107,2:00 PM,12:00 PM
234108,2:00 PM,12:00 PM
234110,2:00 PM,12:00 PM
234111,2:00 PM,1:00 PM
234112,2:00 PM,12:00 PM
234113,2:00 PM,12:00 PM
234114,2:00 PM,12:00 PM
234115,2:00 PM,12:00 PM
234116,2:00 PM,12:00 PM
234117,2:00 PM,12:00 PM
234118,2:00 PM,12:00 PM
234120,2:00 PM,2:00 PM
234128,12:00 PM,11:00 AM
234130,12:00 PM,12:00 PM
234132,2:00 PM,1:00 PM
234137,2:00 PM,12:00 PM
234140,4:00 PM,12:00 PM
234141,2:00 PM,11:00 AM
234150,2:00 PM,12:00 PM
234153,2:00 PM,12:00 PM
234156,1:00 PM,12:00 PM
234169,2:00 PM,12:00 PM
234171,2:00 PM,1:00 PM
234180,4:00 PM,12:00 PM
234181,3:00 PM,2:00 PM
234182,3:00 PM,12:00 PM
234190,12:00 PM,10:00 AM
234191,,
234192,2:00 PM,12:00 PM
234193,2:00 PM,1:00 PM
234194,2:00 PM,1:00 PM
234195,2:00 PM,1:00 PM
234196,2:00 PM,1:00 PM
234199,3:00 PM,2:00 PM
234200,2:00 PM,1:00 PM
234207,11:00 AM,11:00 AM
234208,11:00 AM,11:00 AM
234209,11:00 AM,11:00 AM
234210,2:00 PM,12:00 PM
234214,2:00 PM,11:00 AM
234219,2:00 PM,11:00 AM
234221,2:00 PM,2:00 PM
234228,2:00 PM,1:00 PM
234253,3:00 PM,12:00 PM
234257,2:00 PM,12:00 AM
234264,2:00 PM,12:00 PM
234265,2:00 PM,12:00 PM
234267,2:00 PM,1:00 PM
234277,4:00 PM,2:00 PM
234280,6:00 PM,5:00 PM
234290,2:00 PM,12:00 PM
234297,2:00 PM,12:00 PM
234302,2:00 PM,12:00 PM
234308,2:00 PM,12:00 PM
234311,2:00 PM,11:00 AM
234329,2:00 PM,12:00 PM
234330,2:00 PM,12:00 PM
234346,3:00 PM,1:00 PM
234357,1:00 PM,12:00 PM
234362,2:00 PM,12:00 PM
234382,2:00 PM,12:00 PM
234400,2:00 PM,11:00 AM
234401,2:00 PM,11:00 AM
234424,2:00 PM,10:00 AM
234441,1:00 PM,12:00 PM
234455,2:00 PM,11:00 AM
234463,2:00 PM,2:00 PM
234465,2:00 PM,2:00 PM
234469,2:00 PM,12:00 PM
234472,2:00 PM,11:00 AM
234474,2:00 PM,11:00 AM
234475,2:00 PM,12:00 PM
234478,4:00 PM,3:00 PM
234480,2:00 PM,11:00 AM
234484,2:00 PM,11:00 AM
234486,2:00 PM,11:00 AM
234488,2:00 PM,12:00 PM
234501,2:00 PM,12:00 PM
234502,2:00 PM,11:00 AM
234504,3:00 PM,2:00 PM
234505,2:00 PM,2:00 PM
234509,2:00 PM,12:00 PM
234510,2:00 PM,12:00 PM
234512,2:00 PM,12:00 PM
234513,3:00 PM,11:00 AM
234534,2:00 PM,12:00 PM
234535,2:00 PM,12:00 PM
234536,2:00 PM,12:00 PM
234537,2:00 PM,12:00 PM
234538,2:00 PM,12:00 PM
234539,2:00 PM,12:00 PM
234540,2:00 PM,12:00 PM
234544,2:00 PM,12:00 PM
234546,2:00 PM,12:00 PM
234548,2:00 PM,12:00 PM
234549,2:00 PM,12:00 PM
234551,2:00 PM,11:00 AM
234557,2:00 PM,1:00 PM
234558,2:00 PM,1:00 PM
234563,2:00 PM,11:00 AM
234574,2:00 PM,12:00 PM
234575,2:00 PM,12:00 PM
234577,2:00 PM,1:00 PM
234578,2:00 PM,1:00 PM
234579,2:00 PM,1:00 PM
234583,1:00 PM,11:00 AM
234586,2:00 PM,11:00 AM
234587,2:00 PM,12:00 PM
234590,2:00 PM,12:00 PM
234591,2:00 PM,12:00 PM
234592,2:00 PM,12:00 PM
234594,2:00 PM,12:00 PM
234595,2:00 PM,12:00 PM
234596,2:00 PM,11:00 AM
234598,2:30 PM,2:00 PM
234606,2:00 PM,12:00 PM
234608,2:30 PM,2:00 PM
234612,2:00 PM,12:00 PM
234613,2:00 PM,12:00 PM
234614,2:00 PM,12:00 PM
234615,2:00 PM,12:00 PM
234616,2:00 PM,11:00 AM
234617,2:00 PM,12:00 PM
234618,2:00 PM,12:00 PM
234619,2:00 PM,11:00 AM
234620,3:00 PM,2:00 PM
234628,3:00 PM,2:00 PM
234633,2:00 PM,11:00 AM
234648,2:00 PM,12:00 PM
234649,2:00 PM,12:00 PM
234650,2:00 PM,2:00 PM
234651,4:00 PM,1:00 PM
234653,2:00 PM,12:00 PM
234656,2:00 PM,12:00 PM
234662,2:00 PM,12:00 PM
234672,2:00 PM,12:00 PM
234676,4:00 PM,3:00 PM
234677,4:00 PM,3:00 PM
234685,2:00 PM,1:00 PM
234686,2:00 PM,12:00 PM
234688,1:00 PM,11:00 AM
234691,2:30 PM,2:00 PM
234692,2:30 PM,2:00 PM
234703,3:00 PM,2:00 PM
234704,1:00 PM,11:00 AM
234708,2:00 PM,1:00 PM
234709,2:00 PM,12:00 PM
234711,2:00 PM,12:00 PM
234718,1:00 PM,11:00 AM
234719,12:00 PM,11:00 AM
234720,10:00 AM,6:00 PM
234724,1:00 PM,11:00 AM
234726,3:00 PM,2:00 PM
234727,3:00 PM,12:00 PM
234728,1:00 PM,1:00 PM
234730,2:00 PM,11:00 AM
234731,2:00 PM,11:00 AM
234733,2:00 PM,11:00 AM
234736,2:00 PM,12:00 PM
234737,2:00 PM,12:00 PM
234738,2:00 PM,12:00 PM
234739,2:00 PM,1:00 PM
234740,2:00 PM,12:00 PM
234752,12:00 PM,12:00 PM
234756,2:00 PM,11:00 AM
234757,2:00 PM,11:00 AM
234761,2:00 PM,11:00 AM
234762,2:00 PM,12:00 PM
234763,12:00 PM,12:00 PM
234765,4:00 PM,2:00 PM
234767,6:00 PM,5:00 PM
234772,2:00 PM,12:00 PM
234773,2:00 PM,12:00 PM
234774,2:00 PM,12:00 PM
234775,2:00 PM,11:00 AM
234776,2:00 PM,11:00 AM
234777,1:00 PM,12:00 PM
234778,11:00 AM,11:00 AM
234779,2:00 PM,12:00 PM
234786,2:00 PM,12:01 PM
234789,2:00 PM,11:00 AM
234794,2:00 PM,11:00 AM
234795,2:00 PM,11:00 AM
234904,2:00 PM,11:00 AM
235764,2:00 PM,12:00 PM
239417,2:00 PM,12:00 PM
240242,3:00 PM,2:00 PM
245988,2:00 PM,12:00 PM
246037,2:00 PM,12:00 PM
246096,2:00 PM,12:00 PM
246852,2:00 PM,12:00 PM
246856,11:00 AM,11:00 AM
246878,1:00 PM,12:00 PM
246890,2:00 PM,12:00 PM
246892,2:00 PM,12:00 PM
246894,2:00 PM,12:00 PM
247219,3:00 PM,12:00 PM
247322,3:00 PM,12:00 PM
247366,3:00 PM,12:00 PM
247559,2:00 PM,12:00 PM
247571,10:00 AM,10:00 AM
247591,12:00 PM,11:00 AM
247592,12:00 PM,11:00 AM
247602,11:00 AM,11:00 AM
247603,11:00 AM,11:00 AM
247661,12:00 PM,11:00 AM
247663,12:00 PM,11:00 AM
247762,3:00 PM,12:00 PM
247785,12:00 PM,11:00 AM
247867,2:00 PM,12:00 PM
249254,12:00 PM,10:00 AM
249291,12:00 PM,10:00 AM
249308,12:00 PM,10:00 AM
249312,12:00 PM,10:00 AM
249579,2:00 PM,2:00 PM
249581,2:00 PM,12:00 PM
249979,12:00 PM,12:00 PM
249989,12:00 PM,11:00 AM
249999,5:00 PM,4:00 PM
250001,5:00 PM,4:00 PM
250002,5:00 PM,4:00 PM
250009,12:00 PM,11:00 AM
250010,2:00 PM,2:00 PM
250013,4:00 PM,3:00 PM
250021,2:00 PM,2:00 PM
250026,2:00 PM,1:00 PM
250028,2:00 PM,2:00 PM
250031,3:00 PM,11:00 AM
250035,2:00 PM,11:00 AM
250039,2:00 PM,1:00 PM
250040,2:00 PM,11:00 AM
250042,2:00 PM,2:00 PM
250046,2:00 PM,2:00 PM
250796,1:00 PM,11:00 AM
250850,6:00 PM,5:00 PM
250877,3:00 PM,11:00 AM
250901,12:00 PM,11:00 AM
251160,12:00 PM,12:00 PM
251274,2:00 PM,12:00 PM
251351,1:00 PM,11:00 AM
251353,1:00 PM,11:00 AM
251355,4:00 PM,3:00 PM
251356,3:00 PM,2:00 PM
251357,1:00 PM,11:00 AM
251358,1:00 PM,11:00 AM
251362,1:00 PM,11:00 AM
251364,1:00 PM,11:00 AM
251430,3:00 PM,12:00 PM
251431,3:00 PM,12:00 PM
251434,3:00 PM,12:00 PM
251437,1:00 PM,11:00 AM
251445,2:00 PM,12:00 PM
251448,2:00 PM,12:00 PM
251470,2:00 PM,12:00 PM
251471,1:00 PM,11:00 AM
251534,3:00 PM,12:00 PM
251535,11:00 AM,10:00 AM
251536,2:00 PM,12:00 PM
251547,3:00 PM,2:00 PM
251548,1:00 PM,11:00 AM
251566,2:00 PM,12:00 PM
251567,2:00 PM,12:00 PM
251568,2:00 PM,12:00 PM
251569,2:00 PM,12:00 PM
251574,3:00 PM,2:00 PM
251577,2:00 PM,12:00 PM
251581,2:00 PM,12:00 PM
251609,2:00 PM,2:00 PM
251712,2:00 PM,1:00 PM
251722,2:00 PM,12:00 PM
251723,3:00 PM,2:00 PM
251833,12:00 PM,10:00 AM
251844,2:00 PM,12:00 PM
251845,2:00 PM,1:00 PM
251846,2:00 PM,1:00 PM
251869,12:30 PM,12:00 PM
251883,1:00 PM,11:00 AM
251884,1:00 PM,12:00 PM
251885,1:00 PM,11:00 AM
251886,1:00 PM,11:00 AM
251887,1:00 PM,11:00 AM
251894,1:00 PM,11:00 AM
251895,1:00 PM,11:00 AM
251904,2:00 PM,12:00 PM
251906,12:00 PM,11:00 AM
251907,1:00 PM,11:00 AM
251908,2:00 PM,12:00 PM
251939,2:00 PM,12:00 PM
251940,3:00 PM,2:00 PM
251942,2:00 PM,12:00 PM
251945,3:00 PM,12:00 PM
251946,2:00 PM,12:00 PM
251947,5:00 PM,11:00 AM
251949,5:00 PM,12:00 PM
251959,2:00 PM,12:00 PM
251964,2:00 PM,12:00 PM
251981,3:00 PM,2:00 PM
252035,3:00 PM,2:00 PM
252036,12:00 PM,10:00 AM
253459,12:00 PM,12:00 PM
253680,2:00 PM,11:00 AM
253917,12:00 PM,12:00 PM
254080,2:00 PM,12:00 PM
254082,2:00 PM,12:00 PM
254084,4:00 PM,3:00 PM
254094,2:00 PM,11:00 AM
255119,3:00 PM,2:00 PM
255120,2:00 PM,12:00 PM
255121,2:00 PM,12:00 PM
255122,2:00 PM,12:00 PM
255123,2:00 PM,12:00 PM
255124,2:00 PM,12:00 PM
255134,4:00 PM,4:00 PM
255135,2:00 PM,12:00 PM
255177,1:00 PM,11:00 AM
255205,2:00 PM,1:00 PM
255303,2:00 PM,12:00 PM
256344,2:00 PM,11:00 AM
256345,2:00 PM,11:00 AM
256347,2:00 PM,2:00 PM
256348,1:00 PM,12:00 PM
256350,2:00 PM,11:00 AM
256892,2:00 PM,2:00 PM
256893,2:00 PM,2:00 PM
256933,2:00 PM,12:00 PM
258617,2:00 PM,12:00 PM
258667,3:00 PM,12:00 PM
258795,1:00 PM,12:00 PM
258796,1:00 PM,12:00 PM
258799,1:00 PM,12:00 PM
258825,12:00 PM,11:00 AM
258832,2:00 PM,11:00 AM
258851,12:01 PM,12:00 PM
258852,12:01 PM,12:00 PM
258883,10:00 AM,10:00 AM
258887,12:00 PM,12:00 PM
259242,2:00 PM,12:00 PM
259304,10:00 AM,10:00 AM
259308,10:00 AM,10:00 AM
259309,10:00 AM,10:00 AM
259310,10:00 AM,10:00 AM
260552,1:00 PM,12:00 PM
260558,2:00 PM,12:00 PM
261696,2:00 PM,11:00 AM
261780,1:00 PM,11:00 AM
261802,2:00 PM,12:00 PM
261804,2:00 PM,12:00 PM
261822,2:00 PM,11:00 AM
262763,2:00 PM,1:00 PM
262766,2:00 PM,1:00 PM
262767,2:00 PM,1:00 PM
264886,12:00 PM,11:00 AM
266138,2:00 PM,12:00 PM
266139,2:00 PM,12:00 PM
266140,2:00 PM,12:00 PM
266142,2:00 PM,12:00 PM
267070,2:00 PM,12:00 PM
267071,2:00 PM,12:00 PM
267073,2:00 PM,12:00 PM
267074,2:00 PM,12:00 PM
267076,4:00 PM,12:00 PM
267079,2:00 PM,12:00 PM
267080,2:00 PM,12:00 PM
267081,2:00 PM,12:00 PM
267082,2:00 PM,12:00 PM
267083,2:00 PM,12:00 PM
267551,2:00 PM,12:00 PM
267553,2:00 PM,12:00 PM
267555,2:00 PM,12:00 PM
267556,2:00 PM,12:00 PM
267557,2:00 PM,12:00 PM
270420,2:00 PM,11:00 AM
270816,1:00 PM,11:00 AM
271930,2:00 PM,11:00 AM
272068,2:00 PM,12:00 PM
272084,2:00 PM,12:00 PM
272091,2:00 PM,12:00 PM
272092,2:00 PM,12:00 PM
272093,2:00 PM,12:00 PM
272096,2:00 PM,2:00 PM
272174,2:00 PM,11:00 AM
272244,1:00 PM,12:00 PM
272245,3:00 PM,11:00 AM
272246,3:00 PM,1:00 PM
272266,12:00 PM,11:00 AM
272276,2:00 PM,11:00 AM
272277,2:00 PM,10:00 AM
272299,12:00 PM,12:00 PM
272300,12:00 PM,12:00 PM
273311,1:00 PM,11:00 AM
273333,2:00 PM,12:00 PM
273334,2:00 PM,12:00 PM
273335,2:00 PM,12:00 PM
273338,2:00 PM,12:00 PM
273339,2:00 PM,12:00 PM
273340,2:00 PM,12:00 PM
273341,2:00 PM,12:00 PM
273342,2:00 PM,12:00 PM
273346,2:00 PM,12:00 PM
273347,2:00 PM,12:00 PM
273348,2:00 PM,12:00 PM
273349,2:00 PM,12:00 PM
273350,2:00 PM,12:00 PM
273351,2:00 PM,12:00 PM
273353,2:00 PM,12:00 PM
273354,2:00 PM,1:00 PM
273355,2:00 PM,12:00 PM
273356,2:00 PM,12:00 PM
273357,2:00 PM,12:00 PM
273358,2:00 PM,12:00 PM
273361,2:00 PM,12:00 PM
273362,3:00 PM,1:00 PM
273363,2:00 PM,12:00 PM
273379,3:00 PM,2:00 PM
273757,1:00 PM,10:00 AM
273758,3:00 PM,1:00 PM
273759,2:00 PM,11:00 AM
273778,2:00 PM,12:00 PM
273781,2:00 PM,12:00 PM
273785,3:00 PM,11:00 AM
273799,2:00 PM,12:00 PM
273820,2:00 PM,12:00 PM
273822,2:00 PM,11:00 AM
273833,2:00 PM,12:00 PM
273836,1:00 PM,12:00 PM
273838,1:00 PM,12:00 PM
273847,1:00 PM,12:00 PM
273848,1:00 PM,12:00 PM
273975,2:00 PM,12:00 PM
274288,2:00 PM,12:00 PM
274314,2:00 PM,1:00 PM
274315,3:00 PM,12:00 PM
274410,2:00 PM,1:00 PM
274413,1:00 PM,12:00 PM
274414,1:00 PM,11:00 AM
274721,2:00 PM,1:00 PM
274908,1:00 PM,12:00 PM
274993,1:00 PM,12:00 PM
275027,1:00 PM,12:00 PM
275028,1:00 PM,12:00 PM
275029,1:00 PM,12:00 PM
275082,1:00 PM,12:00 PM
275091,1:00 PM,12:00 PM
275092,1:00 PM,12:00 PM
10000305,2:30 PM,2:00 PM
10001419,4:00 PM,4:00 PM
10001432,4:00 PM,4:00 PM
10003362,5:00 PM,4:00 PM
10003401,5:00 PM,4:00 PM
10005349,2:00 PM,11:00 AM
10007181,2:00 PM,12:00 PM
10012078,3:00 PM,1:00 PM
10038712,3:00 PM,3:00 PM
10038827,3:00 PM,2:00 PM
10038980,6:00 PM,4:00 PM
10039071,5:00 PM,3:00 PM
10039857,2:00 PM,12:00 PM
10039876,6:00 PM,4:00 PM
10039899,6:00 PM,4:00 PM
10040033,6:00 PM,4:00 PM
10040047,2:00 PM,12:00 PM
10040524,3:00 PM,1:00 PM
10040547,2:00 PM,12:00 PM
10040569,2:00 PM,11:00 AM
10040993,12:01 PM,12:00 PM
10041284,6:00 PM,4:00 PM
10041304,1:00 PM,
10044761,12:00 PM,12:00 PM
10044765,12:00 PM,12:00 PM
10046288,4:00 PM,2:00 PM
10046989,3:00 PM,12:00 PM
10046994,3:00 PM,12:00 PM
10047013,3:00 PM,12:00 PM
10047031,3:00 PM,12:00 PM
10047057,3:00 PM,12:00 PM
10047070,3:00 PM,12:00 PM
10047085,1:00 PM,12:00 PM
10047182,2:00 PM,12:00 PM
10047884,3:00 PM,12:00 PM
10047895,3:00 PM,12:00 PM
10047905,3:00 PM,12:00 PM
10047913,3:00 PM,12:00 PM
10047958,3:00 PM,12:00 PM
10047969,3:00 PM,12:00 PM
10047995,3:00 PM,12:00 PM
10048028,3:00 PM,12:00 PM
10048053,3:00 PM,12:00 PM
10048073,3:00 PM,12:00 PM
10048096,3:00 PM,12:00 PM
10048149,3:00 PM,12:00 PM
10048160,3:00 PM,12:00 PM
10048170,3:00 PM,12:00 PM
10048229,3:00 PM,12:00 PM
10048257,3:00 PM,12:00 PM
10048873,3:00 PM,12:00 PM
10048891,3:00 PM,12:00 PM
10048898,3:00 PM,12:00 PM
10048953,3:00 PM,12:00 PM
10049434,4:00 PM,3:00 PM
10049551,3:00 PM,12:00 PM
10050257,5:00 PM,3:00 PM
10050273,2:00 PM,12:01 PM
10052170,3:00 PM,1:00 PM
10052650,12:00 PM,10:00 AM
10053793,6:00 PM,4:00 PM
10054654,4:00 PM,3:00 PM
10054678,5:00 PM,4:00 PM
10054711,5:00 PM,4:00 PM
10056207,12:00 PM,12:00 PM
10057827,2:00 PM,12:00 PM
10058090,6:00 PM,4:00 PM
10058234,6:00 PM,4:00 PM
10058259,6:00 AM,5:00 AM
10058299,6:00 AM,3:00 AM
10060225,4:00 PM,2:00 PM
10060263,11:00 AM,2:00 PM
10060948,1:00 PM,11:00 AM
10064546,4:00 PM,3:00 PM
10064643,1:00 PM,12:00 PM
10064687,1:00 PM,12:00 PM
10064730,1:00 PM,12:00 PM
10064768,1:00 PM,12:00 PM
10067302,4:00 PM,3:00 PM
10068459,12:00 PM,12:00 PM
10075391,3:00 PM,2:00 PM
10075409,5:00 PM,3:00 PM
10077451,4:00 PM,2:00 PM
10083567,12:00 PM,12:00 PM
10083840,12:00 PM,12:00 PM
10086109,12:00 PM,12:00 PM
10098538,2:00 PM,2:00 PM
10107536,2:00 PM,12:00 PM
10107638,3:00 PM,1:00 PM
10107666,,
10119481,5:00 PM,3:00 PM
10122583,6:00 PM,5:00 PM
10122722,4:00 PM,3:00 PM
10122789,2:00 PM,11:00 AM
10122834,2:00 PM,11:00 AM
10124445,12:00 PM,12:00 PM
10124502,12:00 PM,12:00 PM
10124956,4:00 PM,3:00 PM
10124992,2:00 PM,11:00 AM
10125082,2:00 PM,11:00 AM
10132176,3:00 PM,2:00 PM
10133947,2:00 PM,11:00 AM
10138237,12:00 PM,11:00 AM
10145678,3:00 PM,2:00 PM
10156125,3:00 PM,2:00 PM
10158475,2:00 PM,1:00 PM
10158638,3:00 PM,1:00 PM
10158683,12:00 PM,11:00 AM
10158753,2:00 PM,11:00 AM
10159159,2:00 PM,2:00 PM
10163100,5:00 PM,3:00 PM
10165606,,
10168531,12:00 PM,12:00 PM
10169450,2:00 PM,1:30 PM
10169589,12:00 PM,11:59 AM
10169617,2:00 PM,11:00 AM
10171274,1:00 PM,12:00 PM
10177497,6:00 PM,4:00 PM
10177518,6:00 PM,4:00 PM
10180062,2:00 PM,11:00 AM
10180083,2:00 PM,11:00 AM
10191050,2:00 PM,11:00 AM
10191085,,
10207636,1:00 PM,12:00 PM
10207879,3:00 PM,11:00 AM
10208831,4:00 PM,12:00 PM
10214334,2:00 PM,12:00 PM
10214347,2:00 PM,12:00 PM
10214365,2:00 PM,12:00 PM
10214374,2:00 PM,12:00 PM
10214609,2:00 PM,12:00 PM
10215909,2:00 PM,10:00 AM
10216489,12:01 PM,12:00 PM
10216501,12:01 PM,12:00 PM
10218922,2:00 PM,12:00 PM
10218950,2:00 PM,12:00 PM
10227380,3:00 PM,1:00 PM
10227416,1:00 PM,12:00 PM
10234906,6:00 PM,5:00 PM
10234967,2:00 PM,12:00 PM
10238102,2:00 PM,12:00 PM
10238116,2:00 PM,12:00 PM
10241505,2:00 PM,11:00 AM
10274252,2:00 PM,1:00 PM
10285377,3:00 PM,1:00 PM
10286344,3:00 PM,12:00 PM
10288228,1:00 PM,11:00 AM
10297720,2:00 PM,12:00 PM
10299335,2:00 PM,1:00 PM
10299342,2:00 PM,1:00 PM
10300216,1:00 PM,11:00 AM
10303022,6:00 PM,4:00 PM
10303036,2:00 PM,12:00 PM
10303056,2:00 PM,12:00 PM
10303151,12:00 PM,12:00 PM
10304527,3:00 PM,2:00 PM
10305470,2:00 PM,12:00 PM
10306495,3:00 PM,12:00 PM
10306513,3:00 PM,12:00 PM
10306533,3:00 PM,12:00 PM
10306537,3:00 PM,12:00 PM
10309319,2:00 PM,12:01 PM
10309337,2:00 PM,12:01 PM
10309348,2:00 PM,12:01 PM
10309362,2:00 PM,12:01 PM
10309501,2:00 PM,12:01 PM
10309516,2:00 PM,12:01 PM
10309540,2:00 PM,12:01 PM
10311402,2:00 PM,12:00 PM
10311430,2:00 PM,12:00 PM
10317377,6:00 PM,4:00 PM
10323767,3:00 PM,12:00 PM
10327316,2:00 PM,2:00 PM
10332664,1:00 PM,12:00 PM
10332703,1:00 PM,12:00 PM
10334099,,
10337002,4:00 PM,11:00 AM
10341389,1:00 PM,11:00 AM
10341416,1:00 PM,12:00 PM
10341460,2:00 PM,2:00 PM
10344727,2:00 PM,11:00 AM
10344735,2:00 PM,11:00 AM
10344742,2:00 PM,11:00 AM
10344874,1:00 PM,12:00 PM
10344920,1:00 PM,12:00 PM
10344948,1:00 PM,12:00 PM
10351998,2:00 PM,11:00 AM
10352169,2:00 PM,12:00 PM
10354715,2:00 PM,11:00 AM
10357105,2:00 PM,12:00 PM
10358003,6:00 PM,6:00 PM
10358042,6:00 PM,6:00 PM
10362409,12:00 PM,11:59 AM
10362485,12:00 PM,11:59 AM
10363618,1:00 PM,12:00 PM
10372633,2:00 PM,12:00 PM
10372686,,
10372693,,
10374933,3:00 PM,12:00 PM
10377487,1:00 PM,11:00 AM
10377492,1:00 PM,11:00 AM
10377502,1:00 PM,11:00 AM
10377515,1:00 PM,11:00 AM
10377523,1:00 PM,11:00 AM
10377538,1:00 PM,11:00 AM
10377543,1:00 PM,11:00 AM
10377551,1:00 PM,11:00 AM
10377563,1:00 PM,11:00 AM
10377584,1:00 PM,11:00 AM
10377594,1:00 PM,11:00 AM
10377600,1:00 PM,11:00 AM
10377606,1:00 PM,11:00 AM
10377611,1:00 PM,11:00 AM
10377616,1:00 PM,11:00 AM
10379365,2:00 PM,12:00 PM
10382332,1:00 PM,11:00 AM
10386756,12:00 PM,12:00 PM
10399470,2:00 PM,11:00 AM
10401335,,
10404032,,
10404059,,
