State,Check-in,Check-out,Note,Source
Alabama,2:00 PM,11:00 AM,Stated on each park's campsite reservation page (Cheaha shown),https://reserve.alapark.com/cheaha/campsites
Alaska,Varies by park,Varies by park,"No statewide campsite time; most campgrounds are first-come. Reservable K'esugi Ken (Denali SP) lists 1:00 PM in, 12:00 PM out",https://alaskastateparks.reserveamerica.com/camping/kesugi-ken-campground/r/campgroundDetails.do?contractCode=AK&parkId=1181700
Arizona,2:00 PM,12:00 PM,Statewide reservation policy; cabins differ,https://azstateparks.com/reservation-policies
Arkansas,3:00 PM,3:00 PM,Per-park camping policy (Petit Jean and Lake Ouachita pages); reservation held until 10:00 AM next morning,https://reserve.arkansasstateparks.com/petit-jean/camping
California,2:00 PM,12:00 PM,"""At most parks"" check-in begins at 2 PM; check your confirmation",https://www.parks.ca.gov/?page_id=1029
Colorado,1:00 PM,12:00 PM,Noon check-out is set by regulation (2 CCR 405-7); 1 PM check-in is from individual park pages,https://cpw.state.co.us/state-parks/cherry-creek-state-park/cherry-creek-state-park-camping-lodging
Connecticut,1:00 PM,12:00 PM,Camp day runs from arrival until noon the next day; cabins differ,https://ctparks.com/camping
Delaware,1:00 PM,12:00 PM,Campsites (RV and tent); cabins and yurts differ,https://www.destateparks.com/overnight-accommodations/
Florida,3:00 PM,1:00 PM,Official page blocks automated requests; times from the official site's search listing and park pages (Rainbow Springs; Silver Springs),https://www.floridastateparks.org/reservation-information
Georgia,1:00 PM,12:00 PM,Check-in window 1-10 PM; check-out before noon; cabins differ,https://gastateparks.org/ReservationPolicies
Hawaii,Not stated,Not stated,No RV camping (sleeping in vehicles not allowed except a small camper-van area at Wai'anapanapa); no statewide campsite time published,https://camping.ehawaii.gov/camping/resources/agency,rules,spc
Idaho,2:00 PM,1:00 PM,Local park time; cabins and yurts differ,https://parksandrecreation.idaho.gov/park-activity/camping/
Illinois,Not stated,3:00 PM,"""A reserved campsite must be vacated by 3 p.m. on the last day""; no check-in time published",https://dnr.illinois.gov/parks/camp/reservation-information.html
Indiana,2:00 PM,2:00 PM,"Check-out 2 PM Mon-Sat, 5 PM Sundays and holidays; set-up may begin after check-out time",https://www.in.gov/dnr/state-parks/rates-and-fees/camping-manners/
Iowa,4:00 PM,3:00 PM,Campsites; cabins differ,https://www.iowadnr.gov/places-go/state-parks/make-reservation/overnight-camping
Kansas,2:00 PM,2:00 PM,Permit expires at 2:00 PM the next day (K.A.R. 115-2-3); 2 PM check-in from KDWP's own pages via search listing,https://www.law.cornell.edu/regulations/kansas/K-A-R-115-2-3
Kentucky,2:00 PM,1:00 PM,Campground regulations,https://parks.ky.gov/info/things-to-know/campground-regulations
Louisiana,2:00 PM,1:00 PM,Campsites,https://www.lastateparks.com/reservation-information
Maine,1:00 PM,11:00 AM,"""The camping day is from 1:00 p.m. until 11:00 a.m.""; Baxter State Park is separate",https://www.maine.gov/dacf/parks/park_passes_fees_rules/park_rules.shtml
Maryland,Not stated,Not stated,Official DNR camping pages give no campsite times (set up by 10 PM; call if arriving after 8 PM),https://dnr.maryland.gov/publiclands/pages/letsgocamping.aspx
Massachusetts,1:00 PM,11:00 AM,Check-in 1-9 PM (evening cutoff varies by park); official page blocks automated requests,https://www.mass.gov/camping-at-massachusetts-state-parks
Michigan,3:00 PM,1:00 PM,Lodging differs,https://www.michigan.gov/dnr/faqs/state-parks-and-camping/camping-at-state-parks
Minnesota,4:00 PM,4:00 PM,Camper cabins differ; reservation may be canceled if not checked in by 11 AM day two,https://www.dnr.state.mn.us/state_parks/rules.html
Mississippi,3:00 PM,11:00 AM,MDWFP rules (40 Miss. Admin. Code Part 6); arrivals after 5 PM must notify the park,https://www.mdwfp.com/parks-destinations/mississippi-state-park-rules-regulations
Missouri,3:00 PM,2:00 PM,Camping rules,https://mostateparks.com/activity/camping/rules-regulation
Montana,2:00 PM,1:00 PM,Campsites (facilities 3 PM / 12 PM); Mountain time,https://fwp.mt.gov/stateparks/fees-and-general-information
Nebraska,4:00 PM,2:00 PM,Check-out from the reservation rules PDF; check-in is 'generally after 4 PM' and may vary by park,https://nebraskastateparks.reserveamerica.com/resource/contracts/ne/ReservationPolicies.pdf
Nevada,2:00 PM,11:00 AM,Campgrounds and cabins; group areas vary,https://parks.nv.gov/about/reservations
New Hampshire,1:00 PM,11:00 AM,Check-in between 1 and 8 PM,https://www.nhstateparks.org/find-camping-lodging/camping-policies
New Jersey,12:00 PM,12:00 PM,Noon at all campsites; lean-tos and cabins per confirmation,https://www.njportal.com/DEP/NJOutdoors/support/policy
New Mexico,4:00 PM,2:00 PM,Parks may post a different check-out time,https://www.emnrd.nm.gov/spd/know-before-you-go-faqs/
New York,3:00 PM,11:00 AM,Site must be occupied by 9 PM the first night,https://parks.ny.gov/camping/things-to-know
North Carolina,3:00 PM,12:00 PM,Standardized statewide from June 2024 (vacation cabins excepted),https://www.dncr.nc.gov/news/press-releases/2024/01/02/north-carolina-state-parks-standardize-camping-check-and-check-out-times-beginning-june-2024
North Dakota,4:00 PM,3:00 PM,Cabins and yurts check out at noon,https://www.parkrec.nd.gov/faq
Ohio,3:00 PM,1:00 PM,General camping rules,https://ohiodnr.gov/rules-and-regulations/rules-and-regulations-by-division/state-parks-and-watercraft/ohio-state-park-rules/camping-rules
Oklahoma,5:00 PM,2:00 PM,RV and tent sites,https://www.travelok.com/state-parks/reservation-guidelines
Oregon,4:00 PM,1:00 PM,"""Generally""; some parks differ and the receipt shows the actual time",https://stateparks.oregon.gov/index.cfm?do=visit.faq
Pennsylvania,3:00 PM,3:00 PM,Official page states 3:00 PM for both,https://www.pa.gov/agencies/dcnr/recreation/what-to-do/stay-overnight/rv-and-tent-campsites
Rhode Island,1:00 PM,11:00 AM,Check-in 1-10 PM first day,https://riparks.ri.gov/campgrounds/camping-policies
South Carolina,2:00 PM,12:00 PM,All parks,https://southcarolinaparks.com/faqs
South Dakota,4:00 PM,4:00 PM,Custer State Park is the exception (12 PM in / 11 AM out),https://reservations.gooutdoorssouthdakota.com/Policies.aspx
Tennessee,4:00 PM,12:00 PM,Stated on park campground pages (Central time; Eastern-zone parks likely local time),https://tnstateparks.com/parks/campground/montgomery-bell
Texas,2:00 PM,12:00 PM,Campsites and screened shelters,https://tpwd.texas.gov/state-parks/park-reservation-information/reservation-definitions
Utah,Varies by park,Varies by park,Default check-in 3 PM and check-out 2 PM; 12 parks check out at noon (e.g. Dead Horse Point; Goblin Valley; Sand Hollow),https://stateparks.utah.gov/resources/policies-and-park-rules/
Vermont,2:00 PM,11:00 AM,Check-in 2-9 PM; campsites and lean-tos,https://www.vtstateparks.com/camping
Virginia,4:00 PM,1:00 PM,Early check-in if a site is available,https://www.dcr.virginia.gov/state-parks/faq
Washington,2:30 PM,1:00 PM,Cabins and yurts differ,https://parks.wa.gov/about-us/rules-and-safety/park-rules-and-regulations
West Virginia,1:00 PM,12:00 PM,Campground reservations,https://wvstateparks.com/rules-and-regulations/
Wisconsin,3:00 PM,1:00 PM,All outdoor campsites; no early check-in,https://dnr.wisconsin.gov/topic/parks/camping/rules
Wyoming,3:00 PM,11:00 AM,Check-in after 3 PM; check-out before 11 AM,https://wyoparks.wyo.gov/index.php/permits-reservations/reservations
