Ohio,A.W. Marion State Park,58,32,54,45,45,0,1,16,41,0
Ohio,Alum Creek State Park,487,24,65,40,47,65,123,1,294,4
Ohio,Barkcamp State Park,174,16,80,39,44,40,1,60,71,2
Ohio,Beaver Creek State Park,58,25,60,39,35,0,18,19,19,2
Ohio,Blue Rock State Park,84,14,125,46,40,8,20,23,21,12
Ohio,Buck Creek State Park,291,16,60,29,24,186,47,16,0,42
Ohio,Buckeye Lake State Park,1679,25,70,70,70,0,18,0,0,1661
Ohio,Burr Oak State Park,383,16,78,30,28,185,71,34,91,2
Ohio,Caesar Creek Marina,64,24,36,27,28,31,30,3,0,0
Ohio,Caesar Creek State Park,278,37,40,40,40,0,0,278,0,0
Ohio,Cowan Lake State Park,269,20,59,38,38,4,55,144,66,0
Ohio,Deer Creek State Park,235,41,45,45,45,0,0,2,233,0
Ohio,Delaware State Park,344,24,88,41,47,78,54,4,189,19
Ohio,Dillon State Park,302,20,64,34,37,99,15,155,30,3
Ohio,East Fork State Park,416,37,56,46,46,0,0,71,345,0
Ohio,East Harbor State Park,562,3,93,44,35,4,183,223,31,121
Ohio,Findley State Park,257,31,70,46,45,0,2,117,133,5
Ohio,Forked Run State Park,146,13,58,26,20,93,0,46,7,0
Ohio,Geneva State Park,120,40,130,47,45,0,0,8,108,4
Ohio,Grand Lake St. Marys State Park,1331,14,70,59,70,181,26,94,68,962
Ohio,Great Seal State Park,10,48,58,54,54,0,0,0,10,0
Ohio,Guilford Lake State Park,527,16,85,64,70,37,7,26,0,457
Ohio,Harrison Lake State Park,159,24,68,50,50,1,1,8,147,2
Ohio,Hocking Hills State Park,156,27,44,39,40,0,16,140,0,0
Ohio,Hueston Woods State Park,477,10,64,29,25,153,254,4,59,7
Ohio,Indian Lake State Park,1048,20,70,32,20,531,20,324,117,56
Ohio,Jackson Lake State Park,23,35,65,48,48,0,0,5,17,1
Ohio,Jefferson Lake State Park,6,39,51,46,47,0,0,2,4,0
Ohio,Jesse Owens State Park,72,25,170,55,45,0,8,18,26,20
Ohio,John Bryan State Park,32,35,51,39,40,0,0,28,4,0
Ohio,Kelleys Island State Park,117,15,50,38,41,16,1,71,29,0
Ohio,Kiser Lake State Park,80,20,117,62,50,1,1,1,41,36
Ohio,Lake Alma State Park,66,18,54,37,36,3,23,25,15,0
Ohio,Lake Hope State Park,43,20,50,40,40,2,1,26,14,0
Ohio,Lake Logan State Park,51,50,70,61,70,0,0,0,23,28
Ohio,Lake Loramie State Park,490,18,70,53,50,60,1,58,165,206
Ohio,Lake Milton State Park,109,1,70,23,20,103,0,0,0,6
Ohio,Malabar Farm State Park,1,60,60,60,60,0,0,0,0,1
Ohio,Mary Jane Thurston State Park,110,16,50,29,24,72,15,0,23,0
Ohio,Maumee Bay State Park,256,50,50,50,50,0,0,0,256,0
Ohio,Middle Bass Island State Park and Marina,70,18,54,35,34,10,36,14,10,0
Ohio,Mohican State Park,151,35,61,46,45,0,0,63,87,1
Ohio,Mosquito Lake State Park,488,20,50,29,20,256,2,212,18,0
Ohio,Mt Gilead State Park,60,30,55,41,40,0,7,41,12,0
Ohio,Muskingum River State Park,18,30,30,30,30,0,18,0,0,0
Ohio,Paint Creek Marina,4,28,28,28,28,0,4,0,0,0
Ohio,Paint Creek State Park,207,35,56,45,46,0,0,72,135,0
Ohio,Pike Lake State Park,79,25,55,38,39,0,30,34,15,0
Ohio,Portage Lakes State Park,1053,70,70,70,70,0,0,0,0,1053
Ohio,Punderson State Park,165,20,65,43,46,19,2,36,103,5
Ohio,Pymatuning State Park,897,25,97,47,50,0,4,290,597,6
Ohio,Rocky Fork State Park,994,1,69,29,20,613,34,70,232,45
Ohio,Salt Fork State Park,549,18,60,27,24,366,132,10,40,1
Ohio,Scioto Trail State Park,55,21,79,46,43,1,10,17,17,10
Ohio,Shawnee State Park,253,20,130,44,40,16,69,67,75,26
Ohio,South Bass Island State Park,73,27,56,38,38,0,14,53,6,0
Ohio,Stonelick State Park,113,23,54,39,39,5,25,56,27,0
Ohio,Strouds Run State Park,34,24,50,43,50,9,0,0,25,0
Ohio,Tar Hollow State Park,28,30,52,44,45,0,2,9,17,0
Ohio,Van Buren State Park,60,30,55,44,45,0,1,22,37,0
Ohio,West Branch State Park,371,20,100,36,28,169,22,86,63,31
Ohio,Wolf Run State Park,142,14,63,38,38,9,31,68,31,3
Arizona,Alamo Lake,196,15,90,57,56,4,14,23,63,92
Arizona,Buckskin Mountain,84,30,86,55,55,0,3,22,29,30
Arizona,Catalina,152,25,155,66,69,0,19,0,14,119
Arizona,Cattail Cove,138,28,70,43,38,0,4,92,28,14
Arizona,Dead Horse Ranch,149,24,150,57,60,1,6,22,44,76
Arizona,Fool Hollow Lake,121,24,129,56,54,2,4,22,51,42
Arizona,Homolovi,53,50,150,67,50,0,0,0,44,9
Arizona,Kartchner Caverns,62,24,78,53,54,1,5,11,26,19
Arizona,Lake Havasu,54,48,125,59,55,0,0,0,37,17
Arizona,Lost Dutchman,163,30,172,70,66,0,10,35,21,97
Arizona,Lyman Lake,56,40,100,62,60,0,0,1,22,33
Arizona,Patagonia Lake,107,22,55,38,40,6,25,61,15,0
Arizona,Picacho Peak,85,53,109,72,62,0,0,0,26,59
Arizona,River Island,37,24,57,47,54,8,0,0,29,0
Arizona,Roper Lake,64,15,70,48,48,4,1,9,40,10
Nevada,Beaver Dam State Park,31,22,90,38,22,16,3,2,4,6
Nevada,Berlin-Ichthyosaur State Park,14,25,70,32,25,0,11,0,2,1
Nevada,Big Bend of the Colorado State Recreation Area,56,20,70,41,45,24,0,1,11,20
Nevada,Cathedral Gorge State Park,28,18,60,35,30,9,7,5,2,5
Nevada,Cave Lake State Park,6,35,120,74,62,0,0,1,2,3
Nevada,Dayton State Park,10,29,75,49,44,0,1,4,1,4
Nevada,Echo Canyon State Park,53,40,80,59,60,0,0,1,21,31
Nevada,Fort Churchill State Historic Park,21,25,45,38,45,0,9,0,12,0
Nevada,Kershaw Ryan State Park,20,10,65,52,65,4,1,0,0,15
Nevada,Lahontan State Recreation Area,36,25,60,42,40,0,11,10,4,11
Nevada,Rye Patch State Recreation Area,67,22,75,49,48,22,0,3,16,26
Nevada,South Fork State Recreation Area,50,1,40,38,40,1,2,47,0,0
Nevada,Spring Valley State Park,47,15,100,45,50,8,7,8,8,16
Nevada,Valley of Fire State Park,73,30,125,54,48,0,3,22,26,22
Nevada,Walker River State Recreation Area,52,20,40,35,40,8,8,36,0,0
Nevada,Ward Charcoal Ovens State Historic Park,16,25,45,39,45,0,5,1,10,0
Nevada,Washoe Lake State Park,48,23,100,60,57,2,5,4,13,24
Nevada,Wild Horse State Recreation Area,37,20,145,71,55,1,0,4,18,14
